allocation_id,size,source_location,address,allocation_type
37,8192,,0x85a010,heap
38,8192,,0x85d020,heap
39,8192,,0x860030,heap
40,8192,,0x863040,heap
41,8192,,0x866050,heap
42,8192,,0x869060,heap
43,8192,,0x86c070,heap
44,8192,,0x86f080,heap
45,8192,,0x872090,heap
46,8192,,0x8750a0,heap
47,8192,,0x8780b0,heap
48,8192,,0x87b0c0,heap
49,8192,,0x87e0d0,heap
50,8192,,0x8810e0,heap
51,8192,,0x8840f0,heap
52,8192,,0x887100,heap
53,8192,,0x88a110,heap
54,8192,,0x88d120,heap
55,8192,,0x890130,heap
56,8192,,0x893140,heap
57,8192,,0x896150,heap
58,8192,,0x899160,heap
59,8192,,0x89c170,heap
60,8192,,0x89f180,heap
61,8192,,0x8a2190,heap
62,8192,,0x8a51a0,heap
63,8192,,0x8a81b0,heap
64,8192,,0x8ab1c0,heap
65,8192,,0x8ae1d0,heap
66,8192,,0x8b11e0,heap
67,8192,,0x8b41f0,heap
68,8192,,0x8b7200,heap
69,8192,,0x8ba210,heap
70,8192,,0x8bd220,heap
71,8192,,0x8c0230,heap
72,8192,,0x8c3240,heap
73,8192,,0x8c6250,heap
74,8192,,0x8c9260,heap
75,8192,,0x8cc270,heap
76,8192,,0x8cf280,heap
77,8192,,0x8d2290,heap
78,8192,,0x8d52a0,heap
79,8192,,0x8d82b0,heap
80,8192,,0x8db2c0,heap
81,8192,,0x8de2d0,heap
82,8192,,0x8e12e0,heap
83,8192,,0x8e42f0,heap
84,8192,,0x8e7300,heap
85,8192,,0x8ea310,heap
86,8192,,0x8ed320,heap
87,8192,,0x8f0330,heap
88,8192,,0x8f3340,heap
89,8192,,0x8f6350,heap
90,8192,,0x8f9360,heap
91,8192,,0x8fc370,heap
92,8192,,0x8ff380,heap
93,8192,,0x902390,heap
94,8192,,0x9053a0,heap
95,8192,,0x9083b0,heap
96,8192,,0x90b3c0,heap
97,8192,,0x90e3d0,heap
98,8192,,0x9113e0,heap
99,8192,,0x9143f0,heap
100,8192,,0x917400,heap
101,8192,,0x91a410,heap
102,8192,,0x91d420,heap
103,8192,,0x920430,heap
104,8192,,0x923440,heap
105,8192,,0x926450,heap
106,8192,,0x929460,heap
107,8192,,0x92c470,heap
108,8192,,0x92f480,heap
109,8192,,0x932490,heap
110,8192,,0x9354a0,heap
111,8192,,0x9384b0,heap
112,8192,,0x93b4c0,heap
113,8192,,0x93e4d0,heap
114,8192,,0x9414e0,heap
115,8192,,0x9444f0,heap
116,8192,,0x947500,heap
117,8192,,0x94a510,heap
118,8192,,0x94d520,heap
119,8192,,0x950530,heap
120,8192,,0x953540,heap
121,8192,,0x956550,heap
122,8192,,0x959560,heap
123,8192,,0x95c570,heap
124,8192,,0x95f580,heap
125,8192,,0x962590,heap
126,8192,,0x9655a0,heap
127,8192,,0x9685b0,heap
128,8192,,0x96b5c0,heap
129,8192,,0x96e5d0,heap
130,8192,,0x9715e0,heap
131,8192,,0x9745f0,heap
132,8192,,0x977600,heap
133,8192,,0x97a610,heap
134,8192,,0x97d620,heap
135,8192,,0x980630,heap
136,8192,,0x983640,heap
137,8192,,0x986650,heap
138,8192,,0x989660,heap
139,8192,,0x98c670,heap
140,8192,,0x98f680,heap
141,8192,,0x992690,heap
142,8192,,0x9956a0,heap
143,8192,,0x9986b0,heap
144,8192,,0x99b6c0,heap
145,8192,,0x99e6d0,heap
146,8192,,0x9a16e0,heap
147,8192,,0x9a46f0,heap
148,8192,,0x9a7700,heap
149,8192,,0x9aa710,heap
150,8192,,0x9ad720,heap
151,8192,,0x9b0730,heap
152,8192,,0x9b3740,heap
153,8192,,0x9b6750,heap
154,8192,,0x9b9760,heap
155,8192,,0x9bc770,heap
156,8192,,0x9bf780,heap
157,8192,,0x9c2790,heap
158,8192,,0x9c57a0,heap
159,8192,,0x9c87b0,heap
160,8192,,0x9cb7c0,heap
161,8192,,0x9ce7d0,heap
162,8192,,0x9d17e0,heap
163,8192,,0x9d47f0,heap
164,8192,,0x9d7800,heap
165,8192,,0x9da810,heap
166,8192,,0x9dd820,heap
167,8192,,0x9e0830,heap
168,8192,,0x9e3840,heap
169,8192,,0x9e6850,heap
170,8192,,0x9e9860,heap
171,8192,,0x9ec870,heap
172,8192,,0x9ef880,heap
173,8192,,0x9f2890,heap
174,8192,,0x9f58a0,heap
175,8192,,0x9f88b0,heap
176,8192,,0x9fb8c0,heap
177,8192,,0x9fe8d0,heap
178,8192,,0xa018e0,heap
179,8192,,0xa048f0,heap
180,8192,,0xa07900,heap
181,8192,,0xa0a910,heap
182,8192,,0xa0d920,heap
183,8192,,0xa10930,heap
184,8192,,0xa13940,heap
185,8192,,0xa16950,heap
186,8192,,0xa19960,heap
187,8192,,0xa1c970,heap
188,8192,,0xa1f980,heap
189,8192,,0xa22990,heap
190,8192,,0xa259a0,heap
191,8192,,0xa289b0,heap
192,8192,,0xa2b9c0,heap
193,8192,,0xa2e9d0,heap
194,8192,,0xa319e0,heap
195,8192,,0xa349f0,heap
196,8192,,0xa37a00,heap
197,8192,,0xa3aa10,heap
198,8192,,0xa3da20,heap
199,8192,,0xa40a30,heap
200,8192,,0xa43a40,heap
201,8192,,0xa46a50,heap
202,8192,,0xa49a60,heap
203,8192,,0xa4ca70,heap
204,8192,,0xa4fa80,heap
205,8192,,0xa52a90,heap
206,8192,,0xa55aa0,heap
207,8192,,0xa58ab0,heap
208,8192,,0xa5bac0,heap
209,8192,,0xa5ead0,heap
210,8192,,0xa61ae0,heap
211,8192,,0xa64af0,heap
212,8192,,0xa67b00,heap
213,8192,,0xa6ab10,heap
214,8192,,0xa6db20,heap
215,8192,,0xa70b30,heap
216,8192,,0xa73b40,heap
217,8192,,0xa76b50,heap
218,8192,,0xa79b60,heap
219,8192,,0xa7cb70,heap
220,8192,,0xa7fb80,heap
221,8192,,0xa82b90,heap
222,8192,,0xa85ba0,heap
223,8192,,0xa88bb0,heap
224,8192,,0xa8bbc0,heap
225,8192,,0xa8ebd0,heap
226,8192,,0xa91be0,heap
227,8192,,0xa94bf0,heap
228,8192,,0xa97c00,heap
229,8192,,0xa9ac10,heap
230,8192,,0xa9dc20,heap
231,8192,,0xaa0c30,heap
232,8192,,0xaa3c40,heap
233,8192,,0xaa6c50,heap
234,8192,,0xaa9c60,heap
235,8192,,0xaacc70,heap
236,8192,,0xaafc80,heap
237,8192,,0xab2c90,heap
238,8192,,0xab5ca0,heap
239,8192,,0xab8cb0,heap
240,8192,,0xabbcc0,heap
241,8192,,0xabecd0,heap
242,8192,,0xac1ce0,heap
243,8192,,0xac4cf0,heap
244,8192,,0xac7d00,heap
245,8192,,0xacad10,heap
246,8192,,0xacdd20,heap
247,8192,,0xad0d30,heap
248,8192,,0xad3d40,heap
249,8192,,0xad6d50,heap
250,8192,,0xad9d60,heap
251,8192,,0xadcd70,heap
252,8192,,0xadfd80,heap
253,8192,,0xae2d90,heap
254,8192,,0xae5da0,heap
255,8192,,0xae8db0,heap
256,8192,,0xaebdc0,heap
257,8192,,0xaeedd0,heap
258,8192,,0xaf1de0,heap
259,8192,,0xaf4df0,heap
260,8192,,0xaf7e00,heap
261,8192,,0xafae10,heap
262,8192,,0xafde20,heap
263,8192,,0xb00e30,heap
264,8192,,0xb03e40,heap
265,8192,,0xb06e50,heap
266,8192,,0xb09e60,heap
267,8192,,0xb0ce70,heap
268,8192,,0xb0fe80,heap
269,8192,,0xb12e90,heap
270,8192,,0xb15ea0,heap
271,8192,,0xb18eb0,heap
272,8192,,0xb1bec0,heap
273,8192,,0xb1eed0,heap
274,8192,,0xb21ee0,heap
275,8192,,0xb24ef0,heap
276,8192,,0xb27f00,heap
277,8192,,0xb2af10,heap
278,8192,,0xb2df20,heap
279,8192,,0xb30f30,heap
280,8192,,0xb33f40,heap
281,8192,,0xb36f50,heap
282,8192,,0xb39f60,heap
283,8192,,0xb3cf70,heap
284,8192,,0xb3ff80,heap
285,8192,,0xb42f90,heap
286,8192,,0xb45fa0,heap
287,8192,,0xb48fb0,heap
288,8192,,0xb4bfc0,heap
289,8192,,0xb4efd0,heap
290,8192,,0xb51fe0,heap
291,8192,,0xb54ff0,heap
292,8192,,0xb58000,heap
293,8192,,0xb5b010,heap
294,8192,,0xb5e020,heap
295,8192,,0xb61030,heap
296,8192,,0xb64040,heap
297,8192,,0xb67050,heap
298,8192,,0xb6a060,heap
299,8192,,0xb6d070,heap
300,8192,,0xb70080,heap
301,8192,,0xb73090,heap
302,8192,,0xb760a0,heap
303,8192,,0xb790b0,heap
304,8192,,0xb7c0c0,heap
305,8192,,0xb7f0d0,heap
306,8192,,0xb820e0,heap
307,8192,,0xb850f0,heap
308,8192,,0xb88100,heap
309,8192,,0xb8b110,heap
310,8192,,0xb8e120,heap
311,8192,,0xb91130,heap
312,8192,,0xb94140,heap
313,8192,,0xb97150,heap
314,8192,,0xb9a160,heap
315,8192,,0xb9d170,heap
316,8192,,0xba0180,heap
317,8192,,0xba3190,heap
318,8192,,0xba61a0,heap
319,8192,,0xba91b0,heap
320,8192,,0xbac1c0,heap
321,8192,,0xbaf1d0,heap
322,8192,,0xbb21e0,heap
323,8192,,0xbb51f0,heap
324,8192,,0xbb8200,heap
325,8192,,0xbbb210,heap
326,8192,,0xbbe220,heap
327,8192,,0xbc1230,heap
328,8192,,0xbc4240,heap
329,8192,,0xbc7250,heap
330,8192,,0xbca260,heap
331,8192,,0xbcd270,heap
332,8192,,0xbd0280,heap
333,8192,,0xbd3290,heap
334,8192,,0xbd62a0,heap
335,8192,,0xbd92b0,heap
336,8192,,0xbdc2c0,heap
337,8192,,0xbdf2d0,heap
338,8192,,0xbe22e0,heap
339,8192,,0xbe52f0,heap
340,8192,,0xbe8300,heap
341,8192,,0xbeb310,heap
342,8192,,0xbee320,heap
343,8192,,0xbf1330,heap
344,8192,,0xbf4340,heap
345,8192,,0xbf7350,heap
346,8192,,0xbfa360,heap
347,8192,,0xbfd370,heap
348,8192,,0xc00380,heap
349,8192,,0xc03390,heap
350,8192,,0xc063a0,heap
351,8192,,0xc093b0,heap
352,8192,,0xc0c3c0,heap
353,8192,,0xc0f3d0,heap
354,8192,,0xc123e0,heap
355,8192,,0xc153f0,heap
356,8192,,0xc18400,heap
357,8192,,0xc1b410,heap
358,8192,,0xc1e420,heap
359,8192,,0xc21430,heap
360,8192,,0xc24440,heap
361,8192,,0xc27450,heap
362,8192,,0xc2a460,heap
363,8192,,0xc2d470,heap
364,8192,,0xc30480,heap
365,8192,,0xc33490,heap
366,8192,,0xc364a0,heap
367,8192,,0xc394b0,heap
368,8192,,0xc3c4c0,heap
369,8192,,0xc3f4d0,heap
370,8192,,0xc424e0,heap
371,8192,,0xc454f0,heap
372,8192,,0xc48500,heap
373,8192,,0xc4b510,heap
374,8192,,0xc4e520,heap
375,8192,,0xc51530,heap
376,8192,,0xc54540,heap
377,8192,,0xc57550,heap
378,8192,,0xc5a560,heap
379,8192,,0xc5d570,heap
380,8192,,0xc60580,heap
381,8192,,0xc63590,heap
382,8192,,0xc665a0,heap
383,8192,,0xc695b0,heap
384,8192,,0xc6c5c0,heap
385,8192,,0xc6f5d0,heap
386,8192,,0xc725e0,heap
387,8192,,0xc755f0,heap
388,8192,,0xc78600,heap
389,8192,,0xc7b610,heap
390,8192,,0xc7e620,heap
391,8192,,0xc81630,heap
392,8192,,0xc84640,heap
393,8192,,0xc87650,heap
394,8192,,0xc8a660,heap
395,8192,,0xc8d670,heap
396,8192,,0xc90680,heap
397,8192,,0xc93690,heap
398,8192,,0xc966a0,heap
399,8192,,0xc996b0,heap
400,8192,,0xc9c6c0,heap
401,8192,,0xc9f6d0,heap
402,8192,,0xca26e0,heap
403,8192,,0xca56f0,heap
404,8192,,0xca8700,heap
405,8192,,0xcab710,heap
406,8192,,0xcae720,heap
407,8192,,0xcb1730,heap
408,8192,,0xcb4740,heap
409,8192,,0xcb7750,heap
410,8192,,0xcba760,heap
411,8192,,0xcbd770,heap
412,8192,,0xcc0780,heap
413,8192,,0xcc3790,heap
414,8192,,0xcc67a0,heap
415,8192,,0xcc97b0,heap
416,8192,,0xccc7c0,heap
417,8192,,0xccf7d0,heap
418,8192,,0xcd27e0,heap
419,8192,,0xcd57f0,heap
420,8192,,0xcd8800,heap
421,8192,,0xcdb810,heap
422,8192,,0xcde820,heap
423,8192,,0xce1830,heap
424,8192,,0xce4840,heap
425,8192,,0xce7850,heap
426,8192,,0xcea860,heap
427,8192,,0xced870,heap
428,8192,,0xcf0880,heap
429,8192,,0xcf3890,heap
430,8192,,0xcf68a0,heap
431,8192,,0xcf98b0,heap
432,8192,,0xcfc8c0,heap
433,8192,,0xcff8d0,heap
434,8192,,0xd028e0,heap
435,8192,,0xd058f0,heap
436,8192,,0xd08900,heap
437,8192,,0xd0b910,heap
438,8192,,0xd0e920,heap
439,8192,,0xd11930,heap
440,8192,,0xd14940,heap
441,8192,,0xd17950,heap
442,8192,,0xd1a960,heap
443,8192,,0xd1d970,heap
444,8192,,0xd20980,heap
445,8192,,0xd23990,heap
446,8192,,0xd269a0,heap
447,8192,,0xd299b0,heap
448,8192,,0xd2c9c0,heap
449,8192,,0xd2f9d0,heap
450,8192,,0xd329e0,heap
451,8192,,0xd359f0,heap
452,8192,,0xd38a00,heap
453,8192,,0xd3ba10,heap
454,8192,,0xd3ea20,heap
455,8192,,0xd41a30,heap
456,8192,,0xd44a40,heap
457,8192,,0xd47a50,heap
458,8192,,0xd4aa60,heap
459,8192,,0xd4da70,heap
460,8192,,0xd50a80,heap
461,8192,,0xd53a90,heap
462,8192,,0xd56aa0,heap
463,8192,,0xd59ab0,heap
464,8192,,0xd5cac0,heap
465,8192,,0xd5fad0,heap
466,8192,,0xd62ae0,heap
467,8192,,0xd65af0,heap
468,8192,,0xd68b00,heap
469,8192,,0xd6bb10,heap
470,8192,,0xd6eb20,heap
471,8192,,0xd71b30,heap
472,8192,,0xd74b40,heap
473,8192,,0xd77b50,heap
474,8192,,0xd7ab60,heap
475,8192,,0xd7db70,heap
476,8192,,0xd80b80,heap
477,8192,,0xd83b90,heap
478,8192,,0xd86ba0,heap
479,8192,,0xd89bb0,heap
480,8192,,0xd8cbc0,heap
481,8192,,0xd8fbd0,heap
482,8192,,0xd92be0,heap
483,8192,,0xd95bf0,heap
484,8192,,0xd98c00,heap
485,8192,,0xd9bc10,heap
486,8192,,0xd9ec20,heap
487,8192,,0xda1c30,heap
488,8192,,0xda4c40,heap
489,8192,,0xda7c50,heap
490,8192,,0xdaac60,heap
491,8192,,0xdadc70,heap
492,8192,,0xdb0c80,heap
493,8192,,0xdb3c90,heap
494,8192,,0xdb6ca0,heap
495,8192,,0xdb9cb0,heap
496,8192,,0xdbccc0,heap
497,8192,,0xdbfcd0,heap
498,8192,,0xdc2ce0,heap
499,8192,,0xdc5cf0,heap
500,8192,,0xdc8d00,heap
501,8192,,0xdcbd10,heap
502,8192,,0xdced20,heap
503,8192,,0xdd1d30,heap
504,8192,,0xdd4d40,heap
505,8192,,0xdd7d50,heap
506,8192,,0xddad60,heap
507,8192,,0xdddd70,heap
508,8192,,0xde0d80,heap
509,8192,,0xde3d90,heap
510,8192,,0xde6da0,heap
511,8192,,0xde9db0,heap
512,8192,,0xdecdc0,heap
513,8192,,0xdefdd0,heap
514,8192,,0xdf2de0,heap
515,8192,,0xdf5df0,heap
516,8192,,0xdf8e00,heap
517,8192,,0xdfbe10,heap
518,8192,,0xdfee20,heap
519,8192,,0xe01e30,heap
520,8192,,0xe04e40,heap
521,8192,,0xe07e50,heap
522,8192,,0xe0ae60,heap
523,8192,,0xe0de70,heap
524,8192,,0xe10e80,heap
525,8192,,0xe13e90,heap
526,8192,,0xe16ea0,heap
527,8192,,0xe19eb0,heap
528,8192,,0xe1cec0,heap
529,8192,,0xe1fed0,heap
530,8192,,0xe22ee0,heap
531,8192,,0xe25ef0,heap
532,8192,,0xe28f00,heap
533,8192,,0xe2bf10,heap
534,8192,,0xe2ef20,heap
535,8192,,0xe31f30,heap
536,8192,,0xe34f40,heap
537,8192,,0xe37f50,heap
538,8192,,0xe3af60,heap
539,8192,,0xe3df70,heap
540,8192,,0xe40f80,heap
541,8192,,0xe43f90,heap
542,8192,,0xe46fa0,heap
543,8192,,0xe49fb0,heap
544,8192,,0xe4cfc0,heap
545,8192,,0xe4ffd0,heap
546,8192,,0xe52fe0,heap
547,8192,,0xe55ff0,heap
548,8192,,0xe59000,heap
549,8192,,0xe5c010,heap
550,8192,,0xe5f020,heap
551,8192,,0xe62030,heap
552,8192,,0xe65040,heap
553,8192,,0xe68050,heap
554,8192,,0xe6b060,heap
555,8192,,0xe6e070,heap
556,8192,,0xe71080,heap
557,8192,,0xe74090,heap
558,8192,,0xe770a0,heap
559,8192,,0xe7a0b0,heap
560,8192,,0xe7d0c0,heap
561,8192,,0xe800d0,heap
562,8192,,0xe830e0,heap
563,8192,,0xe860f0,heap
564,8192,,0xe89100,heap
565,8192,,0xe8c110,heap
566,8192,,0xe8f120,heap
567,8192,,0xe92130,heap
568,8192,,0xe95140,heap
569,8192,,0xe98150,heap
570,8192,,0xe9b160,heap
571,8192,,0xe9e170,heap
572,8192,,0xea1180,heap
573,8192,,0xea4190,heap
574,8192,,0xea71a0,heap
575,8192,,0xeaa1b0,heap
576,8192,,0xead1c0,heap
577,8192,,0xeb01d0,heap
578,8192,,0xeb31e0,heap
579,8192,,0xeb61f0,heap
580,8192,,0xeb9200,heap
581,8192,,0xebc210,heap
582,8192,,0xebf220,heap
583,8192,,0xec2230,heap
584,8192,,0xec5240,heap
585,8192,,0xec8250,heap
586,8192,,0xecb260,heap
587,8192,,0xece270,heap
588,8192,,0xed1280,heap
589,8192,,0xed4290,heap
590,8192,,0xed72a0,heap
591,8192,,0xeda2b0,heap
592,8192,,0xedd2c0,heap
593,8192,,0xee02d0,heap
594,8192,,0xee32e0,heap
595,8192,,0xee62f0,heap
596,8192,,0xee9300,heap
597,8192,,0xeec310,heap
598,8192,,0xeef320,heap
599,8192,,0xef2330,heap
600,8192,,0xef5340,heap
601,8192,,0xef8350,heap
602,8192,,0xefb360,heap
603,8192,,0xefe370,heap
604,8192,,0xf01380,heap
605,8192,,0xf04390,heap
606,8192,,0xf073a0,heap
607,8192,,0xf0a3b0,heap
608,8192,,0xf0d3c0,heap
609,8192,,0xf103d0,heap
610,8192,,0xf133e0,heap
611,8192,,0xf163f0,heap
612,8192,,0xf19400,heap
613,8192,,0xf1c410,heap
614,8192,,0xf1f420,heap
615,8192,,0xf22430,heap
616,8192,,0xf25440,heap
617,8192,,0xf28450,heap
618,8192,,0xf2b460,heap
619,8192,,0xf2e470,heap
620,8192,,0xf31480,heap
621,8192,,0xf34490,heap
622,8192,,0xf374a0,heap
623,8192,,0xf3a4b0,heap
624,8192,,0xf3d4c0,heap
625,8192,,0xf404d0,heap
626,8192,,0xf434e0,heap
627,8192,,0xf464f0,heap
628,8192,,0xf49500,heap
629,8192,,0xf4c510,heap
630,8192,,0xf4f520,heap
631,8192,,0xf52530,heap
632,8192,,0xf55540,heap
633,8192,,0xf58550,heap
634,8192,,0xf5b560,heap
635,8192,,0xf5e570,heap
636,8192,,0xf61580,heap
637,8192,,0xf64590,heap
638,8192,,0xf675a0,heap
639,8192,,0xf6a5b0,heap
640,8192,,0xf6d5c0,heap
641,8192,,0xf705d0,heap
642,8192,,0xf735e0,heap
643,8192,,0xf765f0,heap
644,8192,,0xf79600,heap
645,8192,,0xf7c610,heap
646,8192,,0xf7f620,heap
647,8192,,0xf82630,heap
648,8192,,0xf85640,heap
649,8192,,0xf88650,heap
650,8192,,0xf8b660,heap
651,8192,,0xf8e670,heap
652,8192,,0xf91680,heap
653,8192,,0xf94690,heap
654,8192,,0xf976a0,heap
655,8192,,0xf9a6b0,heap
656,8192,,0xf9d6c0,heap
657,8192,,0xfa06d0,heap
658,8192,,0xfa36e0,heap
659,8192,,0xfa66f0,heap
660,8192,,0xfa9700,heap
661,8192,,0xfac710,heap
662,8192,,0xfaf720,heap
663,8192,,0xfb2730,heap
664,8192,,0xfb5740,heap
665,8192,,0xfb8750,heap
666,8192,,0xfbb760,heap
667,8192,,0xfbe770,heap
668,8192,,0xfc1780,heap
669,8192,,0xfc4790,heap
670,8192,,0xfc77a0,heap
671,8192,,0xfca7b0,heap
672,8192,,0xfcd7c0,heap
673,8192,,0xfd07d0,heap
674,8192,,0xfd37e0,heap
675,8192,,0xfd67f0,heap
676,8192,,0xfd9800,heap
677,8192,,0xfdc810,heap
678,8192,,0xfdf820,heap
679,8192,,0xfe2830,heap
680,8192,,0xfe5840,heap
681,8192,,0xfe8850,heap
682,8192,,0xfeb860,heap
683,8192,,0xfee870,heap
684,8192,,0xff1880,heap
685,8192,,0xff4890,heap
686,8192,,0xff78a0,heap
687,8192,,0xffa8b0,heap
688,8192,,0xffd8c0,heap
689,8192,,0x10008d0,heap
690,8192,,0x10038e0,heap
691,8192,,0x10068f0,heap
692,8192,,0x1009900,heap
693,8192,,0x100c910,heap
694,8192,,0x100f920,heap
695,8192,,0x1012930,heap
696,8192,,0x1015940,heap
697,8192,,0x1018950,heap
698,8192,,0x101b960,heap
699,8192,,0x101e970,heap
700,8192,,0x1021980,heap
701,8192,,0x1024990,heap
702,8192,,0x10279a0,heap
703,8192,,0x102a9b0,heap
704,8192,,0x102d9c0,heap
705,8192,,0x10309d0,heap
706,8192,,0x10339e0,heap
707,8192,,0x10369f0,heap
708,8192,,0x1039a00,heap
709,8192,,0x103ca10,heap
710,8192,,0x103fa20,heap
711,8192,,0x1042a30,heap
712,8192,,0x1045a40,heap
713,8192,,0x1048a50,heap
714,8192,,0x104ba60,heap
715,8192,,0x104ea70,heap
716,8192,,0x1051a80,heap
717,8192,,0x1054a90,heap
718,8192,,0x1057aa0,heap
719,8192,,0x105aab0,heap
720,8192,,0x105dac0,heap
721,8192,,0x1060ad0,heap
722,8192,,0x1063ae0,heap
723,8192,,0x1066af0,heap
724,8192,,0x1069b00,heap
725,8192,,0x106cb10,heap
726,8192,,0x106fb20,heap
727,8192,,0x1072b30,heap
728,8192,,0x1075b40,heap
729,8192,,0x1078b50,heap
730,8192,,0x107bb60,heap
731,8192,,0x107eb70,heap
732,8192,,0x1081b80,heap
733,8192,,0x1084b90,heap
734,8192,,0x1087ba0,heap
735,8192,,0x108abb0,heap
736,8192,,0x108dbc0,heap
737,8192,,0x1090bd0,heap
738,8192,,0x1093be0,heap
739,8192,,0x1096bf0,heap
740,8192,,0x1099c00,heap
741,8192,,0x109cc10,heap
742,8192,,0x109fc20,heap
743,8192,,0x10a2c30,heap
744,8192,,0x10a5c40,heap
745,8192,,0x10a8c50,heap
746,8192,,0x10abc60,heap
747,8192,,0x10aec70,heap
748,8192,,0x10b1c80,heap
749,8192,,0x10b4c90,heap
750,8192,,0x10b7ca0,heap
751,8192,,0x10bacb0,heap
752,8192,,0x10bdcc0,heap
753,8192,,0x10c0cd0,heap
754,8192,,0x10c3ce0,heap
755,8192,,0x10c6cf0,heap
756,8192,,0x10c9d00,heap
757,8192,,0x10ccd10,heap
758,8192,,0x10cfd20,heap
759,8192,,0x10d2d30,heap
760,8192,,0x10d5d40,heap
761,8192,,0x10d8d50,heap
762,8192,,0x10dbd60,heap
763,8192,,0x10ded70,heap
764,8192,,0x10e1d80,heap
765,8192,,0x10e4d90,heap
766,8192,,0x10e7da0,heap
767,8192,,0x10eadb0,heap
768,8192,,0x10eddc0,heap
769,8192,,0x10f0dd0,heap
770,8192,,0x10f3de0,heap
771,8192,,0x10f6df0,heap
772,8192,,0x10f9e00,heap
773,8192,,0x10fce10,heap
774,8192,,0x10ffe20,heap
775,8192,,0x1102e30,heap
776,8192,,0x1105e40,heap
777,8192,,0x1108e50,heap
778,8192,,0x110be60,heap
779,8192,,0x110ee70,heap
780,8192,,0x1111e80,heap
781,8192,,0x1114e90,heap
782,8192,,0x1117ea0,heap
783,8192,,0x111aeb0,heap
784,8192,,0x111dec0,heap
785,8192,,0x1120ed0,heap
786,8192,,0x1123ee0,heap
787,8192,,0x1126ef0,heap
788,8192,,0x1129f00,heap
789,8192,,0x112cf10,heap
790,8192,,0x112ff20,heap
791,8192,,0x1132f30,heap
792,8192,,0x1135f40,heap
793,8192,,0x1138f50,heap
794,8192,,0x113bf60,heap
795,8192,,0x113ef70,heap
796,8192,,0x1141f80,heap
797,8192,,0x1144f90,heap
798,8192,,0x1147fa0,heap
799,8192,,0x114afb0,heap
800,8192,,0x114dfc0,heap
801,8192,,0x1150fd0,heap
802,8192,,0x1153fe0,heap
803,8192,,0x1156ff0,heap
804,8192,,0x115a000,heap
805,8192,,0x115d010,heap
806,8192,,0x1160020,heap
807,8192,,0x1163030,heap
808,8192,,0x1166040,heap
809,8192,,0x1169050,heap
810,8192,,0x116c060,heap
811,8192,,0x116f070,heap
812,8192,,0x1172080,heap
813,8192,,0x1175090,heap
814,8192,,0x11780a0,heap
815,8192,,0x117b0b0,heap
816,8192,,0x117e0c0,heap
817,8192,,0x11810d0,heap
818,8192,,0x11840e0,heap
819,8192,,0x11870f0,heap
820,8192,,0x118a100,heap
821,8192,,0x118d110,heap
822,8192,,0x1190120,heap
823,8192,,0x1193130,heap
824,8192,,0x1196140,heap
825,8192,,0x1199150,heap
826,8192,,0x119c160,heap
827,8192,,0x119f170,heap
828,8192,,0x11a2180,heap
829,8192,,0x11a5190,heap
830,8192,,0x11a81a0,heap
831,8192,,0x11ab1b0,heap
832,8192,,0x11ae1c0,heap
833,8192,,0x11b11d0,heap
834,8192,,0x11b41e0,heap
835,8192,,0x11b71f0,heap
836,8192,,0x11ba200,heap
837,8192,,0x11bd210,heap
838,8192,,0x11c0220,heap
839,8192,,0x11c3230,heap
840,8192,,0x11c6240,heap
841,8192,,0x11c9250,heap
842,8192,,0x11cc260,heap
843,8192,,0x11cf270,heap
844,8192,,0x11d2280,heap
845,8192,,0x11d5290,heap
846,8192,,0x11d82a0,heap
847,8192,,0x11db2b0,heap
848,8192,,0x11de2c0,heap
849,8192,,0x11e12d0,heap
850,8192,,0x11e42e0,heap
851,8192,,0x11e72f0,heap
852,8192,,0x11ea300,heap
853,8192,,0x11ed310,heap
854,8192,,0x11f0320,heap
855,8192,,0x11f3330,heap
856,8192,,0x11f6340,heap
857,8192,,0x11f9350,heap
858,8192,,0x11fc360,heap
859,8192,,0x11ff370,heap
860,8192,,0x1202380,heap
861,8192,,0x1205390,heap
862,8192,,0x12083a0,heap
863,8192,,0x120b3b0,heap
864,8192,,0x120e3c0,heap
865,8192,,0x12113d0,heap
866,8192,,0x12143e0,heap
867,8192,,0x12173f0,heap
868,8192,,0x121a400,heap
869,8192,,0x121d410,heap
870,8192,,0x1220420,heap
871,8192,,0x1223430,heap
872,8192,,0x1226440,heap
873,8192,,0x1229450,heap
874,8192,,0x122c460,heap
875,8192,,0x122f470,heap
876,8192,,0x1232480,heap
877,8192,,0x1235490,heap
878,8192,,0x12384a0,heap
879,8192,,0x123b4b0,heap
880,8192,,0x123e4c0,heap
881,8192,,0x12414d0,heap
882,8192,,0x12444e0,heap
883,8192,,0x12474f0,heap
884,8192,,0x124a500,heap
885,8192,,0x124d510,heap
886,8192,,0x1250520,heap
887,8192,,0x1253530,heap
888,8192,,0x1256540,heap
889,8192,,0x1259550,heap
890,8192,,0x125c560,heap
891,8192,,0x125f570,heap
892,8192,,0x1262580,heap
893,8192,,0x1265590,heap
894,8192,,0x12685a0,heap
895,8192,,0x126b5b0,heap
896,8192,,0x126e5c0,heap
897,8192,,0x12715d0,heap
898,8192,,0x12745e0,heap
899,8192,,0x12775f0,heap
900,8192,,0x127a600,heap
901,8192,,0x127d610,heap
902,8192,,0x1280620,heap
903,8192,,0x1283630,heap
904,8192,,0x1286640,heap
905,8192,,0x1289650,heap
906,8192,,0x128c660,heap
907,8192,,0x128f670,heap
908,8192,,0x1292680,heap
909,8192,,0x1295690,heap
910,8192,,0x12986a0,heap
911,8192,,0x129b6b0,heap
912,8192,,0x129e6c0,heap
913,8192,,0x12a16d0,heap
914,8192,,0x12a46e0,heap
915,8192,,0x12a76f0,heap
916,8192,,0x12aa700,heap
917,8192,,0x12ad710,heap
918,8192,,0x12b0720,heap
919,8192,,0x12b3730,heap
920,8192,,0x12b6740,heap
921,8192,,0x12b9750,heap
922,8192,,0x12bc760,heap
923,8192,,0x12bf770,heap
924,8192,,0x12c2780,heap
925,8192,,0x12c5790,heap
926,8192,,0x12c87a0,heap
927,8192,,0x12cb7b0,heap
928,8192,,0x12ce7c0,heap
929,8192,,0x12d17d0,heap
930,8192,,0x12d47e0,heap
931,8192,,0x12d77f0,heap
932,8192,,0x12da800,heap
933,8192,,0x12dd810,heap
934,8192,,0x12e0820,heap
935,8192,,0x12e3830,heap
936,8192,,0x12e6840,heap
937,8192,,0x12e9850,heap
938,8192,,0x12ec860,heap
939,8192,,0x12ef870,heap
940,8192,,0x12f2880,heap
941,8192,,0x12f5890,heap
942,8192,,0x12f88a0,heap
943,8192,,0x12fb8b0,heap
944,8192,,0x12fe8c0,heap
945,8192,,0x13018d0,heap
946,8192,,0x13048e0,heap
947,8192,,0x13078f0,heap
948,8192,,0x130a900,heap
949,8192,,0x130d910,heap
950,8192,,0x1310920,heap
951,8192,,0x1313930,heap
952,8192,,0x1316940,heap
953,8192,,0x1319950,heap
954,8192,,0x131c960,heap
955,8192,,0x131f970,heap
956,8192,,0x1322980,heap
957,8192,,0x1325990,heap
958,8192,,0x13289a0,heap
959,8192,,0x132b9b0,heap
960,8192,,0x132e9c0,heap
961,8192,,0x13319d0,heap
962,8192,,0x13349e0,heap
963,8192,,0x13379f0,heap
964,8192,,0x133aa00,heap
965,8192,,0x133da10,heap
966,8192,,0x1340a20,heap
967,8192,,0x1343a30,heap
968,8192,,0x1346a40,heap
969,8192,,0x1349a50,heap
970,8192,,0x134ca60,heap
971,8192,,0x134fa70,heap
972,8192,,0x1352a80,heap
973,8192,,0x1355a90,heap
974,8192,,0x1358aa0,heap
975,8192,,0x135bab0,heap
976,8192,,0x135eac0,heap
977,8192,,0x1361ad0,heap
978,8192,,0x1364ae0,heap
979,8192,,0x1367af0,heap
980,8192,,0x136ab00,heap
981,8192,,0x136db10,heap
982,8192,,0x1370b20,heap
983,8192,,0x1373b30,heap
984,8192,,0x1376b40,heap
985,8192,,0x1379b50,heap
986,8192,,0x137cb60,heap
987,8192,,0x137fb70,heap
988,8192,,0x1382b80,heap
989,8192,,0x1385b90,heap
990,8192,,0x1388ba0,heap
991,8192,,0x138bbb0,heap
992,8192,,0x138ebc0,heap
993,8192,,0x1391bd0,heap
994,8192,,0x1394be0,heap
995,8192,,0x1397bf0,heap
996,8192,,0x139ac00,heap
997,8192,,0x139dc10,heap
998,8192,,0x13a0c20,heap
999,8192,,0x13a3c30,heap
1000,8192,,0x13a6c40,heap
1001,8192,,0x13a9c50,heap
1002,8192,,0x13acc60,heap
1003,8192,,0x13afc70,heap
1004,8192,,0x13b2c80,heap
1005,8192,,0x13b5c90,heap
1006,8192,,0x13b8ca0,heap
1007,8192,,0x13bbcb0,heap
1008,8192,,0x13becc0,heap
1009,8192,,0x13c1cd0,heap
1010,8192,,0x13c4ce0,heap
1011,8192,,0x13c7cf0,heap
1012,8192,,0x13cad00,heap
1013,8192,,0x13cdd10,heap
1014,8192,,0x13d0d20,heap
1015,8192,,0x13d3d30,heap
1016,8192,,0x13d6d40,heap
1017,8192,,0x13d9d50,heap
1018,8192,,0x13dcd60,heap
1019,8192,,0x13dfd70,heap
1020,8192,,0x13e2d80,heap
1021,8192,,0x13e5d90,heap
1022,8192,,0x13e8da0,heap
1023,8192,,0x13ebdb0,heap
1024,8192,,0x13eedc0,heap
1025,8192,,0x13f1dd0,heap
1026,8192,,0x13f4de0,heap
1027,8192,,0x13f7df0,heap
1028,8192,,0x13fae00,heap
1029,8192,,0x13fde10,heap
1030,8192,,0x1400e20,heap
1031,8192,,0x1403e30,heap
1032,8192,,0x1406e40,heap
1033,8192,,0x1409e50,heap
1034,8192,,0x140ce60,heap
1035,8192,,0x140fe70,heap
1036,8192,,0x1412e80,heap
1037,8192,,0x1415e90,heap
1038,8192,,0x1418ea0,heap
1039,8192,,0x141beb0,heap
1040,8192,,0x141eec0,heap
1041,8192,,0x1421ed0,heap
1042,8192,,0x1424ee0,heap
1043,8192,,0x1427ef0,heap
1044,8192,,0x142af00,heap
1045,8192,,0x142df10,heap
1046,8192,,0x1430f20,heap
1047,8192,,0x1433f30,heap
1048,8192,,0x1436f40,heap
1049,8192,,0x1439f50,heap
1050,8192,,0x143cf60,heap
1051,8192,,0x143ff70,heap
1052,8192,,0x1442f80,heap
1053,8192,,0x1445f90,heap
1054,8192,,0x1448fa0,heap
1055,8192,,0x144bfb0,heap
1056,8192,,0x144efc0,heap
1057,8192,,0x1451fd0,heap
1058,8192,,0x1454fe0,heap
1059,8192,,0x1457ff0,heap
1060,8192,,0x145b000,heap
1061,8192,,0x145e010,heap
1062,8192,,0x1461020,heap
1063,8192,,0x1464030,heap
1064,8192,,0x1467040,heap
1065,8192,,0x146a050,heap
1066,8192,,0x146d060,heap
1067,8192,,0x1470070,heap
1068,8192,,0x1473080,heap
1069,8192,,0x1476090,heap
1070,8192,,0x14790a0,heap
1071,8192,,0x147c0b0,heap
1072,8192,,0x147f0c0,heap
1073,8192,,0x14820d0,heap
1074,8192,,0x14850e0,heap
1075,8192,,0x14880f0,heap
1076,8192,,0x148b100,heap
1077,8192,,0x148e110,heap
1078,8192,,0x1491120,heap
1079,8192,,0x1494130,heap
1080,8192,,0x1497140,heap
1081,8192,,0x149a150,heap
1082,8192,,0x149d160,heap
1083,8192,,0x14a0170,heap
1084,8192,,0x14a3180,heap
1085,8192,,0x14a6190,heap
1086,8192,,0x14a91a0,heap
1087,8192,,0x14ac1b0,heap
1088,8192,,0x14af1c0,heap
1089,8192,,0x14b21d0,heap
1090,8192,,0x14b51e0,heap
1091,8192,,0x14b81f0,heap
1092,8192,,0x14bb200,heap
1093,8192,,0x14be210,heap
1094,8192,,0x14c1220,heap
1095,8192,,0x14c4230,heap
1096,8192,,0x14c7240,heap
1097,8192,,0x14ca250,heap
1098,8192,,0x14cd260,heap
1099,8192,,0x14d0270,heap
1100,8192,,0x14d3280,heap
1101,8192,,0x14d6290,heap
1102,8192,,0x14d92a0,heap
1103,8192,,0x14dc2b0,heap
1104,8192,,0x14df2c0,heap
1105,8192,,0x14e22d0,heap
1106,8192,,0x14e52e0,heap
1107,8192,,0x14e82f0,heap
1108,8192,,0x14eb300,heap
1109,8192,,0x14ee310,heap
1110,8192,,0x14f1320,heap
1111,8192,,0x14f4330,heap
1112,8192,,0x14f7340,heap
1113,8192,,0x14fa350,heap
1114,8192,,0x14fd360,heap
1115,8192,,0x1500370,heap
1116,8192,,0x1503380,heap
1117,8192,,0x1506390,heap
1118,8192,,0x15093a0,heap
1119,8192,,0x150c3b0,heap
1120,8192,,0x150f3c0,heap
1121,8192,,0x15123d0,heap
1122,8192,,0x15153e0,heap
1123,8192,,0x15183f0,heap
1124,8192,,0x151b400,heap
1125,8192,,0x151e410,heap
1126,8192,,0x1521420,heap
1127,8192,,0x1524430,heap
1128,8192,,0x1527440,heap
1129,8192,,0x152a450,heap
1130,8192,,0x152d460,heap
1131,8192,,0x1530470,heap
1132,8192,,0x1533480,heap
1133,8192,,0x1536490,heap
1134,8192,,0x15394a0,heap
1135,8192,,0x153c4b0,heap
1136,8192,,0x153f4c0,heap
1137,8192,,0x15424d0,heap
1138,8192,,0x15454e0,heap
1139,8192,,0x15484f0,heap
1140,8192,,0x154b500,heap
1141,8192,,0x154e510,heap
1142,8192,,0x1551520,heap
1143,8192,,0x1554530,heap
1144,8192,,0x1557540,heap
1145,8192,,0x155a550,heap
1146,8192,,0x155d560,heap
1147,8192,,0x1560570,heap
1148,8192,,0x1563580,heap
1149,8192,,0x1566590,heap
1150,8192,,0x15695a0,heap
1151,8192,,0x156c5b0,heap
1152,8192,,0x156f5c0,heap
1153,8192,,0x15725d0,heap
1154,8192,,0x15755e0,heap
1155,8192,,0x15785f0,heap
1156,8192,,0x157b600,heap
1157,8192,,0x157e610,heap
1158,8192,,0x1581620,heap
1159,8192,,0x1584630,heap
1160,8192,,0x1587640,heap
1161,8192,,0x158a650,heap
1162,8192,,0x158d660,heap
1163,8192,,0x1590670,heap
1164,8192,,0x1593680,heap
1165,8192,,0x1596690,heap
1166,8192,,0x15996a0,heap
1167,8192,,0x159c6b0,heap
1168,8192,,0x159f6c0,heap
1169,8192,,0x15a26d0,heap
1170,8192,,0x15a56e0,heap
1171,8192,,0x15a86f0,heap
1172,8192,,0x15ab700,heap
1173,8192,,0x15ae710,heap
1174,8192,,0x15b1720,heap
1175,8192,,0x15b4730,heap
1176,8192,,0x15b7740,heap
1177,8192,,0x15ba750,heap
1178,8192,,0x15bd760,heap
1179,8192,,0x15c0770,heap
1180,8192,,0x15c3780,heap
1181,8192,,0x15c6790,heap
1182,8192,,0x15c97a0,heap
1183,8192,,0x15cc7b0,heap
1184,8192,,0x15cf7c0,heap
1185,8192,,0x15d27d0,heap
1186,8192,,0x15d57e0,heap
1187,8192,,0x15d87f0,heap
1188,8192,,0x15db800,heap
1189,8192,,0x15de810,heap
1190,8192,,0x15e1820,heap
1191,8192,,0x15e4830,heap
1192,8192,,0x15e7840,heap
1193,8192,,0x15ea850,heap
1194,8192,,0x15ed860,heap
1195,8192,,0x15f0870,heap
1196,8192,,0x15f3880,heap
1197,8192,,0x15f6890,heap
1198,8192,,0x15f98a0,heap
1199,8192,,0x15fc8b0,heap
1200,8192,,0x15ff8c0,heap
1201,8192,,0x16028d0,heap
1202,8192,,0x16058e0,heap
1203,8192,,0x16088f0,heap
1204,8192,,0x160b900,heap
1205,8192,,0x160e910,heap
1206,8192,,0x1611920,heap
1207,8192,,0x1614930,heap
1208,8192,,0x1617940,heap
1209,8192,,0x161a950,heap
1210,8192,,0x161d960,heap
1211,8192,,0x1620970,heap
1212,8192,,0x1623980,heap
1213,8192,,0x1626990,heap
1214,8192,,0x16299a0,heap
1215,8192,,0x162c9b0,heap
1216,8192,,0x162f9c0,heap
1217,8192,,0x16329d0,heap
1218,8192,,0x16359e0,heap
1219,8192,,0x16389f0,heap
1220,8192,,0x163ba00,heap
1221,8192,,0x163ea10,heap
1222,8192,,0x1641a20,heap
1223,8192,,0x1644a30,heap
1224,8192,,0x1647a40,heap
1225,8192,,0x164aa50,heap
1226,8192,,0x164da60,heap
1227,8192,,0x1650a70,heap
1228,8192,,0x1653a80,heap
1229,8192,,0x1656a90,heap
1230,8192,,0x1659aa0,heap
1231,8192,,0x165cab0,heap
1232,8192,,0x165fac0,heap
1233,8192,,0x1662ad0,heap
1234,8192,,0x1665ae0,heap
1235,8192,,0x1668af0,heap
1236,8192,,0x166bb00,heap
1237,8192,,0x166eb10,heap
1238,8192,,0x1671b20,heap
1239,8192,,0x1674b30,heap
1240,8192,,0x1677b40,heap
1241,8192,,0x167ab50,heap
1242,8192,,0x167db60,heap
1243,8192,,0x1680b70,heap
1244,8192,,0x1683b80,heap
1245,8192,,0x1686b90,heap
1246,8192,,0x1689ba0,heap
1247,8192,,0x168cbb0,heap
1248,8192,,0x168fbc0,heap
1249,8192,,0x1692bd0,heap
1250,8192,,0x1695be0,heap
1251,8192,,0x1698bf0,heap
1252,8192,,0x169bc00,heap
1253,8192,,0x169ec10,heap
1254,8192,,0x16a1c20,heap
1255,8192,,0x16a4c30,heap
1256,8192,,0x16a7c40,heap
1257,8192,,0x16aac50,heap
1258,8192,,0x16adc60,heap
1259,8192,,0x16b0c70,heap
1260,8192,,0x16b3c80,heap
1261,8192,,0x16b6c90,heap
1262,8192,,0x16b9ca0,heap
1263,8192,,0x16bccb0,heap
1264,8192,,0x16bfcc0,heap
1265,8192,,0x16c2cd0,heap
1266,8192,,0x16c5ce0,heap
1267,8192,,0x16c8cf0,heap
1268,8192,,0x16cbd00,heap
1269,8192,,0x16ced10,heap
1270,8192,,0x16d1d20,heap
1271,8192,,0x16d4d30,heap
1272,8192,,0x16d7d40,heap
1273,8192,,0x16dad50,heap
1274,8192,,0x16ddd60,heap
1275,8192,,0x16e0d70,heap
1276,8192,,0x16e3d80,heap
1277,8192,,0x16e6d90,heap
1278,8192,,0x16e9da0,heap
1279,8192,,0x16ecdb0,heap
1280,8192,,0x16efdc0,heap
1281,8192,,0x16f2dd0,heap
1282,8192,,0x16f5de0,heap
1283,8192,,0x16f8df0,heap
1284,8192,,0x16fbe00,heap
1285,8192,,0x16fee10,heap
1286,8192,,0x1701e20,heap
1287,8192,,0x1704e30,heap
1288,8192,,0x1707e40,heap
1289,8192,,0x170ae50,heap
1290,8192,,0x170de60,heap
1291,8192,,0x1710e70,heap
1292,8192,,0x1713e80,heap
1293,8192,,0x1716e90,heap
1294,8192,,0x1719ea0,heap
1295,8192,,0x171ceb0,heap
1296,8192,,0x171fec0,heap
1297,8192,,0x1722ed0,heap
1298,8192,,0x1725ee0,heap
1299,8192,,0x1728ef0,heap
1300,8192,,0x172bf00,heap
1301,8192,,0x172ef10,heap
1302,8192,,0x1731f20,heap
1303,8192,,0x1734f30,heap
1304,8192,,0x1737f40,heap
1305,8192,,0x173af50,heap
1306,8192,,0x173df60,heap
1307,8192,,0x1740f70,heap
1308,8192,,0x1743f80,heap
1309,8192,,0x1746f90,heap
1310,8192,,0x1749fa0,heap
1311,8192,,0x174cfb0,heap
1312,8192,,0x174ffc0,heap
1313,8192,,0x1752fd0,heap
1314,8192,,0x1755fe0,heap
1315,8192,,0x1758ff0,heap
1316,8192,,0x175c000,heap
1317,8192,,0x175f010,heap
1318,8192,,0x1762020,heap
1319,8192,,0x1765030,heap
1320,8192,,0x1768040,heap
1321,8192,,0x176b050,heap
1322,8192,,0x176e060,heap
1323,8192,,0x1771070,heap
1324,8192,,0x1774080,heap
1325,8192,,0x1777090,heap
1326,8192,,0x177a0a0,heap
1327,8192,,0x177d0b0,heap
1328,8192,,0x17800c0,heap
1329,8192,,0x17830d0,heap
1330,8192,,0x17860e0,heap
1331,8192,,0x17890f0,heap
1332,8192,,0x178c100,heap
1333,8192,,0x178f110,heap
1334,8192,,0x1792120,heap
1335,8192,,0x1795130,heap
1336,8192,,0x1798140,heap
1337,8192,,0x179b150,heap
1338,8192,,0x179e160,heap
1339,8192,,0x17a1170,heap
1340,8192,,0x17a4180,heap
1341,8192,,0x17a7190,heap
1342,8192,,0x17aa1a0,heap
1343,8192,,0x17ad1b0,heap
1344,8192,,0x17b01c0,heap
1345,8192,,0x17b31d0,heap
1346,8192,,0x17b61e0,heap
1347,8192,,0x17b91f0,heap
1348,8192,,0x17bc200,heap
1349,8192,,0x17bf210,heap
1350,8192,,0x17c2220,heap
1351,8192,,0x17c5230,heap
1352,8192,,0x17c8240,heap
1353,8192,,0x17cb250,heap
1354,8192,,0x17ce260,heap
1355,8192,,0x17d1270,heap
1356,8192,,0x17d4280,heap
1357,8192,,0x17d7290,heap
1358,8192,,0x17da2a0,heap
1359,8192,,0x17dd2b0,heap
1360,8192,,0x17e02c0,heap
1361,8192,,0x17e32d0,heap
1362,8192,,0x17e62e0,heap
1363,8192,,0x17e92f0,heap
1364,8192,,0x17ec300,heap
1365,8192,,0x17ef310,heap
1366,8192,,0x17f2320,heap
1367,8192,,0x17f5330,heap
1368,8192,,0x17f8340,heap
1369,8192,,0x17fb350,heap
1370,8192,,0x17fe360,heap
1371,8192,,0x1801370,heap
1372,8192,,0x1804380,heap
1373,8192,,0x1807390,heap
1374,8192,,0x180a3a0,heap
1375,8192,,0x180d3b0,heap
1376,8192,,0x18103c0,heap
1377,8192,,0x18133d0,heap
1378,8192,,0x18163e0,heap
1379,8192,,0x18193f0,heap
1380,8192,,0x181c400,heap
1381,8192,,0x181f410,heap
1382,8192,,0x1822420,heap
1383,8192,,0x1825430,heap
1384,8192,,0x1828440,heap
1385,8192,,0x182b450,heap
1386,8192,,0x182e460,heap
1387,8192,,0x1831470,heap
1388,8192,,0x1834480,heap
1389,8192,,0x1837490,heap
1390,8192,,0x183a4a0,heap
1391,8192,,0x183d4b0,heap
1392,8192,,0x18404c0,heap
1393,8192,,0x18434d0,heap
1394,8192,,0x18464e0,heap
1395,8192,,0x18494f0,heap
1396,8192,,0x184c500,heap
1397,8192,,0x184f510,heap
1398,8192,,0x1852520,heap
1399,8192,,0x1855530,heap
1400,8192,,0x1858540,heap
1401,8192,,0x185b550,heap
1402,8192,,0x185e560,heap
1403,8192,,0x1861570,heap
1404,8192,,0x1864580,heap
1405,8192,,0x1867590,heap
1406,8192,,0x186a5a0,heap
1407,8192,,0x186d5b0,heap
1408,8192,,0x18705c0,heap
1409,8192,,0x18735d0,heap
1410,8192,,0x18765e0,heap
1411,8192,,0x18795f0,heap
1412,8192,,0x187c600,heap
1413,8192,,0x187f610,heap
1414,8192,,0x1882620,heap
1415,8192,,0x1885630,heap
1416,8192,,0x1888640,heap
1417,8192,,0x188b650,heap
1418,8192,,0x188e660,heap
1419,8192,,0x1891670,heap
1420,8192,,0x1894680,heap
1421,8192,,0x1897690,heap
1422,8192,,0x189a6a0,heap
1423,8192,,0x189d6b0,heap
1424,8192,,0x18a06c0,heap
1425,8192,,0x18a36d0,heap
1426,8192,,0x18a66e0,heap
1427,8192,,0x18a96f0,heap
1428,8192,,0x18ac700,heap
1429,8192,,0x18af710,heap
1430,8192,,0x18b2720,heap
1431,8192,,0x18b5730,heap
1432,8192,,0x18b8740,heap
1433,8192,,0x18bb750,heap
1434,8192,,0x18be760,heap
1435,8192,,0x18c1770,heap
1436,8192,,0x18c4780,heap
1437,8192,,0x18c7790,heap
1438,8192,,0x18ca7a0,heap
1439,8192,,0x18cd7b0,heap
1440,8192,,0x18d07c0,heap
1441,8192,,0x18d37d0,heap
1442,8192,,0x18d67e0,heap
1443,8192,,0x18d97f0,heap
1444,8192,,0x18dc800,heap
1445,8192,,0x18df810,heap
1446,8192,,0x18e2820,heap
1447,8192,,0x18e5830,heap
1448,8192,,0x18e8840,heap
1449,8192,,0x18eb850,heap
1450,8192,,0x18ee860,heap
1451,8192,,0x18f1870,heap
1452,8192,,0x18f4880,heap
1453,8192,,0x18f7890,heap
1454,8192,,0x18fa8a0,heap
1455,8192,,0x18fd8b0,heap
1456,8192,,0x19008c0,heap
1457,8192,,0x19038d0,heap
1458,8192,,0x19068e0,heap
1459,8192,,0x19098f0,heap
1460,8192,,0x190c900,heap
1461,8192,,0x190f910,heap
1462,8192,,0x1912920,heap
1463,8192,,0x1915930,heap
1464,8192,,0x1918940,heap
1465,8192,,0x191b950,heap
1466,8192,,0x191e960,heap
1467,8192,,0x1921970,heap
1468,8192,,0x1924980,heap
1469,8192,,0x1927990,heap
1470,8192,,0x192a9a0,heap
1471,8192,,0x192d9b0,heap
1472,8192,,0x19309c0,heap
1473,8192,,0x19339d0,heap
1474,8192,,0x19369e0,heap
1475,8192,,0x19399f0,heap
1476,8192,,0x193ca00,heap
1477,8192,,0x193fa10,heap
1478,8192,,0x1942a20,heap
1479,8192,,0x1945a30,heap
1480,8192,,0x1948a40,heap
1481,8192,,0x194ba50,heap
1482,8192,,0x194ea60,heap
1483,8192,,0x1951a70,heap
1484,8192,,0x1954a80,heap
1485,8192,,0x1957a90,heap
1486,8192,,0x195aaa0,heap
1487,8192,,0x195dab0,heap
1488,8192,,0x1960ac0,heap
1489,8192,,0x1963ad0,heap
1490,8192,,0x1966ae0,heap
1491,8192,,0x1969af0,heap
1492,8192,,0x196cb00,heap
1493,8192,,0x196fb10,heap
1494,8192,,0x1972b20,heap
1495,8192,,0x1975b30,heap
1496,8192,,0x1978b40,heap
1497,8192,,0x197bb50,heap
1498,8192,,0x197eb60,heap
1499,8192,,0x1981b70,heap
1500,8192,,0x1984b80,heap
1501,8192,,0x1987b90,heap
1502,8192,,0x198aba0,heap
1503,8192,,0x198dbb0,heap
1504,8192,,0x1990bc0,heap
1505,8192,,0x1993bd0,heap
1506,8192,,0x1996be0,heap
1507,8192,,0x1999bf0,heap
1508,8192,,0x199cc00,heap
1509,8192,,0x199fc10,heap
1510,8192,,0x19a2c20,heap
1511,8192,,0x19a5c30,heap
1512,8192,,0x19a8c40,heap
1513,8192,,0x19abc50,heap
1514,8192,,0x19aec60,heap
1515,8192,,0x19b1c70,heap
1516,8192,,0x19b4c80,heap
1517,8192,,0x19b7c90,heap
1518,8192,,0x19baca0,heap
1519,8192,,0x19bdcb0,heap
1520,8192,,0x19c0cc0,heap
1521,8192,,0x19c3cd0,heap
1522,8192,,0x19c6ce0,heap
1523,8192,,0x19c9cf0,heap
1524,8192,,0x19ccd00,heap
1525,8192,,0x19cfd10,heap
1526,8192,,0x19d2d20,heap
1527,8192,,0x19d5d30,heap
1528,8192,,0x19d8d40,heap
1529,8192,,0x19dbd50,heap
1530,8192,,0x19ded60,heap
1531,8192,,0x19e1d70,heap
1532,8192,,0x19e4d80,heap
1533,8192,,0x19e7d90,heap
1534,8192,,0x19eada0,heap
1535,8192,,0x19eddb0,heap
1536,8192,,0x19f0dc0,heap
1537,8192,,0x19f3dd0,heap
1538,8192,,0x19f6de0,heap
1539,8192,,0x19f9df0,heap
1540,8192,,0x19fce00,heap
1541,8192,,0x19ffe10,heap
1542,8192,,0x1a02e20,heap
1543,8192,,0x1a05e30,heap
1544,8192,,0x1a08e40,heap
1545,8192,,0x1a0be50,heap
1546,8192,,0x1a0ee60,heap
1547,8192,,0x1a11e70,heap
1548,8192,,0x1a14e80,heap
1549,8192,,0x1a17e90,heap
1550,8192,,0x1a1aea0,heap
1551,8192,,0x1a1deb0,heap
1552,8192,,0x1a20ec0,heap
1553,8192,,0x1a23ed0,heap
1554,8192,,0x1a26ee0,heap
1555,8192,,0x1a29ef0,heap
1556,8192,,0x1a2cf00,heap
1557,8192,,0x1a2ff10,heap
1558,8192,,0x1a32f20,heap
1559,8192,,0x1a35f30,heap
1560,8192,,0x1a38f40,heap
1561,8192,,0x1a3bf50,heap
1562,8192,,0x1a3ef60,heap
1563,8192,,0x1a41f70,heap
1564,8192,,0x1a44f80,heap
1565,8192,,0x1a47f90,heap
1566,8192,,0x1a4afa0,heap
1567,8192,,0x1a4dfb0,heap
1568,8192,,0x1a50fc0,heap
1569,8192,,0x1a53fd0,heap
1570,8192,,0x1a56fe0,heap
1571,8192,,0x1a59ff0,heap
1572,8192,,0x1a5d000,heap
1573,8192,,0x1a60010,heap
1574,8192,,0x1a63020,heap
1575,8192,,0x1a66030,heap
1576,8192,,0x1a69040,heap
1577,8192,,0x1a6c050,heap
1578,8192,,0x1a6f060,heap
1579,8192,,0x1a72070,heap
1580,8192,,0x1a75080,heap
1581,8192,,0x1a78090,heap
1582,8192,,0x1a7b0a0,heap
1583,8192,,0x1a7e0b0,heap
1584,8192,,0x1a810c0,heap
1585,8192,,0x1a840d0,heap
1586,8192,,0x1a870e0,heap
1587,8192,,0x1a8a0f0,heap
1588,8192,,0x1a8d100,heap
1589,8192,,0x1a90110,heap
1590,8192,,0x1a93120,heap
1591,8192,,0x1a96130,heap
1592,8192,,0x1a99140,heap
1593,8192,,0x1a9c150,heap
1594,8192,,0x1a9f160,heap
1595,8192,,0x1aa2170,heap
1596,8192,,0x1aa5180,heap
1597,8192,,0x1aa8190,heap
1598,8192,,0x1aab1a0,heap
1599,8192,,0x1aae1b0,heap
1600,8192,,0x1ab11c0,heap
1601,8192,,0x1ab41d0,heap
1602,8192,,0x1ab71e0,heap
1603,8192,,0x1aba1f0,heap
1604,8192,,0x1abd200,heap
1605,8192,,0x1ac0210,heap
1606,8192,,0x1ac3220,heap
1607,8192,,0x1ac6230,heap
1608,8192,,0x1ac9240,heap
1609,8192,,0x1acc250,heap
1610,8192,,0x1acf260,heap
1611,8192,,0x1ad2270,heap
1612,8192,,0x1ad5280,heap
1613,8192,,0x1ad8290,heap
1614,8192,,0x1adb2a0,heap
1615,8192,,0x1ade2b0,heap
1616,8192,,0x1ae12c0,heap
1617,8192,,0x1ae42d0,heap
1618,8192,,0x1ae72e0,heap
1619,8192,,0x1aea2f0,heap
1620,8192,,0x1aed300,heap
1621,8192,,0x1af0310,heap
1622,8192,,0x1af3320,heap
1623,8192,,0x1af6330,heap
1624,8192,,0x1af9340,heap
1625,8192,,0x1afc350,heap
1626,8192,,0x1aff360,heap
1627,8192,,0x1b02370,heap
1628,8192,,0x1b05380,heap
1629,8192,,0x1b08390,heap
1630,8192,,0x1b0b3a0,heap
1631,8192,,0x1b0e3b0,heap
1632,8192,,0x1b113c0,heap
1633,8192,,0x1b143d0,heap
1634,8192,,0x1b173e0,heap
1635,8192,,0x1b1a3f0,heap
1636,8192,,0x1b1d400,heap
1637,8192,,0x1b20410,heap
1638,8192,,0x1b23420,heap
1639,8192,,0x1b26430,heap
1640,8192,,0x1b29440,heap
1641,8192,,0x1b2c450,heap
1642,8192,,0x1b2f460,heap
1643,8192,,0x1b32470,heap
1644,8192,,0x1b35480,heap
1645,8192,,0x1b38490,heap
1646,8192,,0x1b3b4a0,heap
1647,8192,,0x1b3e4b0,heap
1648,8192,,0x1b414c0,heap
1649,8192,,0x1b444d0,heap
1650,8192,,0x1b474e0,heap
1651,8192,,0x1b4a4f0,heap
1652,8192,,0x1b4d500,heap
1653,8192,,0x1b50510,heap
1654,8192,,0x1b53520,heap
1655,8192,,0x1b56530,heap
1656,8192,,0x1b59540,heap
1657,8192,,0x1b5c550,heap
1658,8192,,0x1b5f560,heap
1659,8192,,0x1b62570,heap
1660,8192,,0x1b65580,heap
1661,8192,,0x1b68590,heap
1662,8192,,0x1b6b5a0,heap
1663,8192,,0x1b6e5b0,heap
1664,8192,,0x1b715c0,heap
1665,8192,,0x1b745d0,heap
1666,8192,,0x1b775e0,heap
1667,8192,,0x1b7a5f0,heap
1668,8192,,0x1b7d600,heap
1669,8192,,0x1b80610,heap
1670,8192,,0x1b83620,heap
1671,8192,,0x1b86630,heap
1672,8192,,0x1b89640,heap
1673,8192,,0x1b8c650,heap
1674,8192,,0x1b8f660,heap
1675,8192,,0x1b92670,heap
1676,8192,,0x1b95680,heap
1677,8192,,0x1b98690,heap
1678,8192,,0x1b9b6a0,heap
1679,8192,,0x1b9e6b0,heap
1680,8192,,0x1ba16c0,heap
1681,8192,,0x1ba46d0,heap
1682,8192,,0x1ba76e0,heap
1683,8192,,0x1baa6f0,heap
1684,8192,,0x1bad700,heap
1685,8192,,0x1bb0710,heap
1686,8192,,0x1bb3720,heap
1687,8192,,0x1bb6730,heap
1688,8192,,0x1bb9740,heap
1689,8192,,0x1bbc750,heap
1690,8192,,0x1bbf760,heap
1691,8192,,0x1bc2770,heap
1692,8192,,0x1bc5780,heap
1693,8192,,0x1bc8790,heap
1694,8192,,0x1bcb7a0,heap
1695,8192,,0x1bce7b0,heap
1696,8192,,0x1bd17c0,heap
1697,8192,,0x1bd47d0,heap
1698,8192,,0x1bd77e0,heap
1699,8192,,0x1bda7f0,heap
1700,8192,,0x1bdd800,heap
1701,8192,,0x1be0810,heap
1702,8192,,0x1be3820,heap
1703,8192,,0x1be6830,heap
1704,8192,,0x1be9840,heap
1705,8192,,0x1bec850,heap
1706,8192,,0x1bef860,heap
1707,8192,,0x1bf2870,heap
1708,8192,,0x1bf5880,heap
1709,8192,,0x1bf8890,heap
1710,8192,,0x1bfb8a0,heap
1711,8192,,0x1bfe8b0,heap
1712,8192,,0x1c018c0,heap
1713,8192,,0x1c048d0,heap
1714,8192,,0x1c078e0,heap
1715,8192,,0x1c0a8f0,heap
1716,8192,,0x1c0d900,heap
1717,8192,,0x1c10910,heap
1718,8192,,0x1c13920,heap
1719,8192,,0x1c16930,heap
1720,8192,,0x1c19940,heap
1721,8192,,0x1c1c950,heap
1722,8192,,0x1c1f960,heap
1723,8192,,0x1c22970,heap
1724,8192,,0x1c25980,heap
1725,8192,,0x1c28990,heap
1726,8192,,0x1c2b9a0,heap
1727,8192,,0x1c2e9b0,heap
1728,8192,,0x1c319c0,heap
1729,8192,,0x1c349d0,heap
1730,8192,,0x1c379e0,heap
1731,8192,,0x1c3a9f0,heap
1732,8192,,0x1c3da00,heap
1733,8192,,0x1c40a10,heap
1734,8192,,0x1c43a20,heap
1735,8192,,0x1c46a30,heap
1736,8192,,0x1c49a40,heap
1737,8192,,0x1c4ca50,heap
1738,8192,,0x1c4fa60,heap
1739,8192,,0x1c52a70,heap
1740,8192,,0x1c55a80,heap
1741,8192,,0x1c58a90,heap
1742,8192,,0x1c5baa0,heap
1743,8192,,0x1c5eab0,heap
1744,8192,,0x1c61ac0,heap
1745,8192,,0x1c64ad0,heap
1746,8192,,0x1c67ae0,heap
1747,8192,,0x1c6aaf0,heap
1748,8192,,0x1c6db00,heap
1749,8192,,0x1c70b10,heap
1750,8192,,0x1c73b20,heap
1751,8192,,0x1c76b30,heap
1752,8192,,0x1c79b40,heap
1753,8192,,0x1c7cb50,heap
1754,8192,,0x1c7fb60,heap
1755,8192,,0x1c82b70,heap
1756,8192,,0x1c85b80,heap
1757,8192,,0x1c88b90,heap
1758,8192,,0x1c8bba0,heap
1759,8192,,0x1c8ebb0,heap
1760,8192,,0x1c91bc0,heap
1761,8192,,0x1c94bd0,heap
1762,8192,,0x1c97be0,heap
1763,8192,,0x1c9abf0,heap
1764,8192,,0x1c9dc00,heap
1765,8192,,0x1ca0c10,heap
1766,8192,,0x1ca3c20,heap
1767,8192,,0x1ca6c30,heap
1768,8192,,0x1ca9c40,heap
1769,8192,,0x1cacc50,heap
1770,8192,,0x1cafc60,heap
1771,8192,,0x1cb2c70,heap
1772,8192,,0x1cb5c80,heap
1773,8192,,0x1cb8c90,heap
1774,8192,,0x1cbbca0,heap
1775,8192,,0x1cbecb0,heap
1776,8192,,0x1cc1cc0,heap
1777,8192,,0x1cc4cd0,heap
1778,8192,,0x1cc7ce0,heap
1779,8192,,0x1ccacf0,heap
1780,8192,,0x1ccdd00,heap
1781,8192,,0x1cd0d10,heap
1782,8192,,0x1cd3d20,heap
1783,8192,,0x1cd6d30,heap
1784,8192,,0x1cd9d40,heap
1785,8192,,0x1cdcd50,heap
1786,8192,,0x1cdfd60,heap
1787,8192,,0x1ce2d70,heap
1788,8192,,0x1ce5d80,heap
1789,8192,,0x1ce8d90,heap
1790,8192,,0x1cebda0,heap
1791,8192,,0x1ceedb0,heap
1792,8192,,0x1cf1dc0,heap
1793,8192,,0x1cf4dd0,heap
1794,8192,,0x1cf7de0,heap
1795,8192,,0x1cfadf0,heap
1796,8192,,0x1cfde00,heap
1797,8192,,0x1d00e10,heap
1798,8192,,0x1d03e20,heap
1799,8192,,0x1d06e30,heap
1800,8192,,0x1d09e40,heap
1801,8192,,0x1d0ce50,heap
1802,8192,,0x1d0fe60,heap
1803,8192,,0x1d12e70,heap
1804,8192,,0x1d15e80,heap
1805,8192,,0x1d18e90,heap
1806,8192,,0x1d1bea0,heap
1807,8192,,0x1d1eeb0,heap
1808,8192,,0x1d21ec0,heap
1809,8192,,0x1d24ed0,heap
1810,8192,,0x1d27ee0,heap
1811,8192,,0x1d2aef0,heap
1812,8192,,0x1d2df00,heap
1813,8192,,0x1d30f10,heap
1814,8192,,0x1d33f20,heap
1815,8192,,0x1d36f30,heap
1816,8192,,0x1d39f40,heap
1817,8192,,0x1d3cf50,heap
1818,8192,,0x1d3ff60,heap
1819,8192,,0x1d42f70,heap
1820,8192,,0x1d45f80,heap
1821,8192,,0x1d48f90,heap
1822,8192,,0x1d4bfa0,heap
1823,8192,,0x1d4efb0,heap
1824,8192,,0x1d51fc0,heap
1825,8192,,0x1d54fd0,heap
1826,8192,,0x1d57fe0,heap
1827,8192,,0x1d5aff0,heap
1828,8192,,0x1d5e000,heap
1829,8192,,0x1d61010,heap
1830,8192,,0x1d64020,heap
1831,8192,,0x1d67030,heap
1832,8192,,0x1d6a040,heap
1833,8192,,0x1d6d050,heap
1834,8192,,0x1d70060,heap
1835,8192,,0x1d73070,heap
1836,8192,,0x1d76080,heap
1837,8192,,0x1d79090,heap
1838,8192,,0x1d7c0a0,heap
1839,8192,,0x1d7f0b0,heap
1840,8192,,0x1d820c0,heap
1841,8192,,0x1d850d0,heap
1842,8192,,0x1d880e0,heap
1843,8192,,0x1d8b0f0,heap
1844,8192,,0x1d8e100,heap
1845,8192,,0x1d91110,heap
1846,8192,,0x1d94120,heap
1847,8192,,0x1d97130,heap
1848,8192,,0x1d9a140,heap
1849,8192,,0x1d9d150,heap
1850,8192,,0x1da0160,heap
1851,8192,,0x1da3170,heap
1852,8192,,0x1da6180,heap
1853,8192,,0x1da9190,heap
1854,8192,,0x1dac1a0,heap
1855,8192,,0x1daf1b0,heap
1856,8192,,0x1db21c0,heap
1857,8192,,0x1db51d0,heap
1858,8192,,0x1db81e0,heap
1859,8192,,0x1dbb1f0,heap
1860,8192,,0x1dbe200,heap
1861,8192,,0x1dc1210,heap
1862,8192,,0x1dc4220,heap
1863,8192,,0x1dc7230,heap
1864,8192,,0x1dca240,heap
1865,8192,,0x1dcd250,heap
1866,8192,,0x1dd0260,heap
1867,8192,,0x1dd3270,heap
1868,8192,,0x1dd6280,heap
1869,8192,,0x1dd9290,heap
1870,8192,,0x1ddc2a0,heap
1871,8192,,0x1ddf2b0,heap
1872,8192,,0x1de22c0,heap
1873,8192,,0x1de52d0,heap
1874,8192,,0x1de82e0,heap
1875,8192,,0x1deb2f0,heap
1876,8192,,0x1dee300,heap
1877,8192,,0x1df1310,heap
1878,8192,,0x1df4320,heap
1879,8192,,0x1df7330,heap
1880,8192,,0x1dfa340,heap
1881,8192,,0x1dfd350,heap
1882,8192,,0x1e00360,heap
1883,8192,,0x1e03370,heap
1884,8192,,0x1e06380,heap
1885,8192,,0x1e09390,heap
1886,8192,,0x1e0c3a0,heap
1887,8192,,0x1e0f3b0,heap
1888,8192,,0x1e123c0,heap
1889,8192,,0x1e153d0,heap
1890,8192,,0x1e183e0,heap
1891,8192,,0x1e1b3f0,heap
1892,8192,,0x1e1e400,heap
1893,8192,,0x1e21410,heap
1894,8192,,0x1e24420,heap
1895,8192,,0x1e27430,heap
1896,8192,,0x1e2a440,heap
1897,8192,,0x1e2d450,heap
1898,8192,,0x1e30460,heap
1899,8192,,0x1e33470,heap
1900,8192,,0x1e36480,heap
1901,8192,,0x1e39490,heap
1902,8192,,0x1e3c4a0,heap
1903,8192,,0x1e3f4b0,heap
1904,8192,,0x1e424c0,heap
1905,8192,,0x1e454d0,heap
1906,8192,,0x1e484e0,heap
1907,8192,,0x1e4b4f0,heap
1908,8192,,0x1e4e500,heap
1909,8192,,0x1e51510,heap
1910,8192,,0x1e54520,heap
1911,8192,,0x1e57530,heap
1912,8192,,0x1e5a540,heap
1913,8192,,0x1e5d550,heap
1914,8192,,0x1e60560,heap
1915,8192,,0x1e63570,heap
1916,8192,,0x1e66580,heap
1917,8192,,0x1e69590,heap
1918,8192,,0x1e6c5a0,heap
1919,8192,,0x1e6f5b0,heap
1920,8192,,0x1e725c0,heap
1921,8192,,0x1e755d0,heap
1922,8192,,0x1e785e0,heap
1923,8192,,0x1e7b5f0,heap
1924,8192,,0x1e7e600,heap
1925,8192,,0x1e81610,heap
1926,8192,,0x1e84620,heap
1927,8192,,0x1e87630,heap
1928,8192,,0x1e8a640,heap
1929,8192,,0x1e8d650,heap
1930,8192,,0x1e90660,heap
1931,8192,,0x1e93670,heap
1932,8192,,0x1e96680,heap
1933,8192,,0x1e99690,heap
1934,8192,,0x1e9c6a0,heap
1935,8192,,0x1e9f6b0,heap
1936,8192,,0x1ea26c0,heap
1937,8192,,0x1ea56d0,heap
1938,8192,,0x1ea86e0,heap
1939,8192,,0x1eab6f0,heap
1940,8192,,0x1eae700,heap
1941,8192,,0x1eb1710,heap
1942,8192,,0x1eb4720,heap
1943,8192,,0x1eb7730,heap
1944,8192,,0x1eba740,heap
1945,8192,,0x1ebd750,heap
1946,8192,,0x1ec0760,heap
1947,8192,,0x1ec3770,heap
1948,8192,,0x1ec6780,heap
1949,8192,,0x1ec9790,heap
1950,8192,,0x1ecc7a0,heap
1951,8192,,0x1ecf7b0,heap
1952,8192,,0x1ed27c0,heap
1953,8192,,0x1ed57d0,heap
1954,8192,,0x1ed87e0,heap
1955,8192,,0x1edb7f0,heap
1956,8192,,0x1ede800,heap
1957,8192,,0x1ee1810,heap
1958,8192,,0x1ee4820,heap
1959,8192,,0x1ee7830,heap
1960,8192,,0x1eea840,heap
1961,8192,,0x1eed850,heap
1962,8192,,0x1ef0860,heap
1963,8192,,0x1ef3870,heap
1964,8192,,0x1ef6880,heap
1965,8192,,0x1ef9890,heap
1966,8192,,0x1efc8a0,heap
1967,8192,,0x1eff8b0,heap
1968,8192,,0x1f028c0,heap
1969,8192,,0x1f058d0,heap
1970,8192,,0x1f088e0,heap
1971,8192,,0x1f0b8f0,heap
1972,8192,,0x1f0e900,heap
1973,8192,,0x1f11910,heap
1974,8192,,0x1f14920,heap
1975,8192,,0x1f17930,heap
1976,8192,,0x1f1a940,heap
1977,8192,,0x1f1d950,heap
1978,8192,,0x1f20960,heap
1979,8192,,0x1f23970,heap
1980,8192,,0x1f26980,heap
1981,8192,,0x1f29990,heap
1982,8192,,0x1f2c9a0,heap
1983,8192,,0x1f2f9b0,heap
1984,8192,,0x1f329c0,heap
1985,8192,,0x1f359d0,heap
1986,8192,,0x1f389e0,heap
1987,8192,,0x1f3b9f0,heap
1988,8192,,0x1f3ea00,heap
1989,8192,,0x1f41a10,heap
1990,8192,,0x1f44a20,heap
1991,8192,,0x1f47a30,heap
1992,8192,,0x1f4aa40,heap
1993,8192,,0x1f4da50,heap
1994,8192,,0x1f50a60,heap
1995,8192,,0x1f53a70,heap
1996,8192,,0x1f56a80,heap
1997,8192,,0x1f59a90,heap
1998,8192,,0x1f5caa0,heap
1999,8192,,0x1f5fab0,heap
2000,8192,,0x1f62ac0,heap
2001,8192,,0x1f65ad0,heap
2002,8192,,0x1f68ae0,heap
2003,8192,,0x1f6baf0,heap
2004,8192,,0x1f6eb00,heap
2005,8192,,0x1f71b10,heap
2006,8192,,0x1f74b20,heap
2007,8192,,0x1f77b30,heap
2008,8192,,0x1f7ab40,heap
2009,8192,,0x1f7db50,heap
2010,8192,,0x1f80b60,heap
2011,8192,,0x1f83b70,heap
2012,8192,,0x1f86b80,heap
2013,8192,,0x1f89b90,heap
2014,8192,,0x1f8cba0,heap
2015,8192,,0x1f8fbb0,heap
2016,8192,,0x1f92bc0,heap
2017,8192,,0x1f95bd0,heap
2018,8192,,0x1f98be0,heap
2019,8192,,0x1f9bbf0,heap
2020,8192,,0x1f9ec00,heap
2021,8192,,0x1fa1c10,heap
2022,8192,,0x1fa4c20,heap
2023,8192,,0x1fa7c30,heap
2024,8192,,0x1faac40,heap
2025,8192,,0x1fadc50,heap
2026,8192,,0x1fb0c60,heap
2027,8192,,0x1fb3c70,heap
2028,8192,,0x1fb6c80,heap
2029,8192,,0x1fb9c90,heap
2030,8192,,0x1fbcca0,heap
2031,8192,,0x1fbfcb0,heap
2032,8192,,0x1fc2cc0,heap
2033,8192,,0x1fc5cd0,heap
2034,8192,,0x1fc8ce0,heap
2035,8192,,0x1fcbcf0,heap
2036,8192,,0x1fced00,heap
2037,8192,,0x1fd1d10,heap
2038,8192,,0x1fd4d20,heap
2039,8192,,0x1fd7d30,heap
2040,8192,,0x1fdad40,heap
2041,8192,,0x1fddd50,heap
2042,8192,,0x1fe0d60,heap
2043,8192,,0x1fe3d70,heap
2044,8192,,0x1fe6d80,heap
2045,8192,,0x1fe9d90,heap
2046,8192,,0x1fecda0,heap
2047,8192,,0x1fefdb0,heap
2048,8192,,0x1ff2dc0,heap
2049,8192,,0x1ff5dd0,heap
2050,8192,,0x1ff8de0,heap
2051,8192,,0x1ffbdf0,heap
2052,8192,,0x1ffee00,heap
2053,8192,,0x2001e10,heap
2054,8192,,0x2004e20,heap
2055,8192,,0x2007e30,heap
2056,8192,,0x200ae40,heap
2057,8192,,0x200de50,heap
2058,8192,,0x2010e60,heap
2059,8192,,0x2013e70,heap
2060,8192,,0x2016e80,heap
2061,8192,,0x2019e90,heap
2062,8192,,0x201cea0,heap
2063,8192,,0x201feb0,heap
2064,8192,,0x2022ec0,heap
2065,8192,,0x2025ed0,heap
2066,8192,,0x2028ee0,heap
2067,8192,,0x202bef0,heap
2068,8192,,0x202ef00,heap
2069,8192,,0x2031f10,heap
2070,8192,,0x2034f20,heap
2071,8192,,0x2037f30,heap
2072,8192,,0x203af40,heap
2073,8192,,0x203df50,heap
2074,8192,,0x2040f60,heap
2075,8192,,0x2043f70,heap
2076,8192,,0x2046f80,heap
2077,8192,,0x2049f90,heap
2078,8192,,0x204cfa0,heap
2079,8192,,0x204ffb0,heap
2080,8192,,0x2052fc0,heap
2081,8192,,0x2055fd0,heap
2082,8192,,0x2058fe0,heap
2083,8192,,0x205bff0,heap
2084,8192,,0x205f000,heap
2085,8192,,0x2062010,heap
2086,8192,,0x2065020,heap
2087,8192,,0x2068030,heap
2088,8192,,0x206b040,heap
2089,8192,,0x206e050,heap
2090,8192,,0x2071060,heap
2091,8192,,0x2074070,heap
2092,8192,,0x2077080,heap
2093,8192,,0x207a090,heap
2094,8192,,0x207d0a0,heap
2095,8192,,0x20800b0,heap
2096,8192,,0x20830c0,heap
2097,8192,,0x20860d0,heap
2098,8192,,0x20890e0,heap
2099,8192,,0x208c0f0,heap
2100,8192,,0x208f100,heap
2101,8192,,0x2092110,heap
2102,8192,,0x2095120,heap
2103,8192,,0x2098130,heap
2104,8192,,0x209b140,heap
2105,8192,,0x209e150,heap
2106,8192,,0x20a1160,heap
2107,8192,,0x20a4170,heap
2108,8192,,0x20a7180,heap
2109,8192,,0x20aa190,heap
2110,8192,,0x20ad1a0,heap
2111,8192,,0x20b01b0,heap
2112,8192,,0x20b31c0,heap
2113,8192,,0x20b61d0,heap
2114,8192,,0x20b91e0,heap
2115,8192,,0x20bc1f0,heap
2116,8192,,0x20bf200,heap
2117,8192,,0x20c2210,heap
2118,8192,,0x20c5220,heap
2119,8192,,0x20c8230,heap
2120,8192,,0x20cb240,heap
2121,8192,,0x20ce250,heap
2122,8192,,0x20d1260,heap
2123,8192,,0x20d4270,heap
2124,8192,,0x20d7280,heap
2125,8192,,0x20da290,heap
2126,8192,,0x20dd2a0,heap
2127,8192,,0x20e02b0,heap
2128,8192,,0x20e32c0,heap
2129,8192,,0x20e62d0,heap
2130,8192,,0x20e92e0,heap
2131,8192,,0x20ec2f0,heap
2132,8192,,0x20ef300,heap
2133,8192,,0x20f2310,heap
2134,8192,,0x20f5320,heap
2135,8192,,0x20f8330,heap
2136,8192,,0x20fb340,heap
2137,8192,,0x20fe350,heap
2138,8192,,0x2101360,heap
2139,8192,,0x2104370,heap
2140,8192,,0x2107380,heap
2141,8192,,0x210a390,heap
2142,8192,,0x210d3a0,heap
2143,8192,,0x21103b0,heap
2144,8192,,0x21133c0,heap
2145,8192,,0x21163d0,heap
2146,8192,,0x21193e0,heap
2147,8192,,0x211c3f0,heap
2148,8192,,0x211f400,heap
2149,8192,,0x2122410,heap
2150,8192,,0x2125420,heap
2151,8192,,0x2128430,heap
2152,8192,,0x212b440,heap
2153,8192,,0x212e450,heap
2154,8192,,0x2131460,heap
2155,8192,,0x2134470,heap
2156,8192,,0x2137480,heap
2157,8192,,0x213a490,heap
2158,8192,,0x213d4a0,heap
2159,8192,,0x21404b0,heap
2160,8192,,0x21434c0,heap
2161,8192,,0x21464d0,heap
2162,8192,,0x21494e0,heap
2163,8192,,0x214c4f0,heap
2164,8192,,0x214f500,heap
2165,8192,,0x2152510,heap
2166,8192,,0x2155520,heap
2167,8192,,0x2158530,heap
2168,8192,,0x215b540,heap
2169,8192,,0x215e550,heap
2170,8192,,0x2161560,heap
2171,8192,,0x2164570,heap
2172,8192,,0x2167580,heap
2173,8192,,0x216a590,heap
2174,8192,,0x216d5a0,heap
2175,8192,,0x21705b0,heap
2176,8192,,0x21735c0,heap
2177,8192,,0x21765d0,heap
2178,8192,,0x21795e0,heap
2179,8192,,0x217c5f0,heap
2180,8192,,0x217f600,heap
2181,8192,,0x2182610,heap
2182,8192,,0x2185620,heap
2183,8192,,0x2188630,heap
2184,8192,,0x218b640,heap
2185,8192,,0x218e650,heap
2186,8192,,0x2191660,heap
2187,8192,,0x2194670,heap
2188,8192,,0x2197680,heap
2189,8192,,0x219a690,heap
2190,8192,,0x219d6a0,heap
2191,8192,,0x21a06b0,heap
2192,8192,,0x21a36c0,heap
2193,8192,,0x21a66d0,heap
2194,8192,,0x21a96e0,heap
2195,8192,,0x21ac6f0,heap
2196,8192,,0x21af700,heap
2197,8192,,0x21b2710,heap
2198,8192,,0x21b5720,heap
2199,8192,,0x21b8730,heap
2200,8192,,0x21bb740,heap
2201,8192,,0x21be750,heap
2202,8192,,0x21c1760,heap
2203,8192,,0x21c4770,heap
2204,8192,,0x21c7780,heap
2205,8192,,0x21ca790,heap
2206,8192,,0x21cd7a0,heap
2207,8192,,0x21d07b0,heap
2208,8192,,0x21d37c0,heap
2209,8192,,0x21d67d0,heap
2210,8192,,0x21d97e0,heap
2211,8192,,0x21dc7f0,heap
2212,8192,,0x21df800,heap
2213,8192,,0x21e2810,heap
2214,8192,,0x21e5820,heap
2215,8192,,0x21e8830,heap
2216,8192,,0x21eb840,heap
2217,8192,,0x21ee850,heap
2218,8192,,0x21f1860,heap
2219,8192,,0x21f4870,heap
2220,8192,,0x21f7880,heap
2221,8192,,0x21fa890,heap
2222,8192,,0x21fd8a0,heap
2223,8192,,0x22008b0,heap
2224,8192,,0x22038c0,heap
2225,8192,,0x22068d0,heap
2226,8192,,0x22098e0,heap
2227,8192,,0x220c8f0,heap
2228,8192,,0x220f900,heap
2229,8192,,0x2212910,heap
2230,8192,,0x2215920,heap
2231,8192,,0x2218930,heap
2232,8192,,0x221b940,heap
2233,8192,,0x221e950,heap
2234,8192,,0x2221960,heap
2235,8192,,0x2224970,heap
2236,8192,,0x2227980,heap
2237,8192,,0x222a990,heap
2238,8192,,0x222d9a0,heap
2239,8192,,0x22309b0,heap
2240,8192,,0x22339c0,heap
2241,8192,,0x22369d0,heap
2242,8192,,0x22399e0,heap
2243,8192,,0x223c9f0,heap
2244,8192,,0x223fa00,heap
2245,8192,,0x2242a10,heap
2246,8192,,0x2245a20,heap
2247,8192,,0x2248a30,heap
2248,8192,,0x224ba40,heap
2249,8192,,0x224ea50,heap
2250,8192,,0x2251a60,heap
2251,8192,,0x2254a70,heap
2252,8192,,0x2257a80,heap
2253,8192,,0x225aa90,heap
2254,8192,,0x225daa0,heap
2255,8192,,0x2260ab0,heap
2256,8192,,0x2263ac0,heap
2257,8192,,0x2266ad0,heap
2258,8192,,0x2269ae0,heap
2259,8192,,0x226caf0,heap
2260,8192,,0x226fb00,heap
2261,8192,,0x2272b10,heap
2262,8192,,0x2275b20,heap
2263,8192,,0x2278b30,heap
2264,8192,,0x227bb40,heap
2265,8192,,0x227eb50,heap
2266,8192,,0x2281b60,heap
2267,8192,,0x2284b70,heap
2268,8192,,0x2287b80,heap
2269,8192,,0x228ab90,heap
2270,8192,,0x228dba0,heap
2271,8192,,0x2290bb0,heap
2272,8192,,0x2293bc0,heap
2273,8192,,0x2296bd0,heap
2274,8192,,0x2299be0,heap
2275,8192,,0x229cbf0,heap
2276,8192,,0x229fc00,heap
2277,8192,,0x22a2c10,heap
2278,8192,,0x22a5c20,heap
2279,8192,,0x22a8c30,heap
2280,8192,,0x22abc40,heap
2281,8192,,0x22aec50,heap
2282,8192,,0x22b1c60,heap
2283,8192,,0x22b4c70,heap
2284,8192,,0x22b7c80,heap
2285,8192,,0x22bac90,heap
2286,8192,,0x22bdca0,heap
2287,8192,,0x22c0cb0,heap
2288,8192,,0x22c3cc0,heap
2289,8192,,0x22c6cd0,heap
2290,8192,,0x22c9ce0,heap
2291,8192,,0x22cccf0,heap
2292,8192,,0x22cfd00,heap
2293,8192,,0x22d2d10,heap
2294,8192,,0x22d5d20,heap
2295,8192,,0x22d8d30,heap
2296,8192,,0x22dbd40,heap
2297,8192,,0x22ded50,heap
2298,8192,,0x22e1d60,heap
2299,8192,,0x22e4d70,heap
2300,8192,,0x22e7d80,heap
2301,8192,,0x22ead90,heap
2302,8192,,0x22edda0,heap
2303,8192,,0x22f0db0,heap
2304,8192,,0x22f3dc0,heap
2305,8192,,0x22f6dd0,heap
2306,8192,,0x22f9de0,heap
2307,8192,,0x22fcdf0,heap
2308,8192,,0x22ffe00,heap
2309,8192,,0x2302e10,heap
2310,8192,,0x2305e20,heap
2311,8192,,0x2308e30,heap
2312,8192,,0x230be40,heap
2313,8192,,0x230ee50,heap
2314,8192,,0x2311e60,heap
2315,8192,,0x2314e70,heap
2316,8192,,0x2317e80,heap
2317,8192,,0x231ae90,heap
2318,8192,,0x231dea0,heap
2319,8192,,0x2320eb0,heap
2320,8192,,0x2323ec0,heap
2321,8192,,0x2326ed0,heap
2322,8192,,0x2329ee0,heap
2323,8192,,0x232cef0,heap
2324,8192,,0x232ff00,heap
2325,8192,,0x2332f10,heap
2326,8192,,0x2335f20,heap
2327,8192,,0x2338f30,heap
2328,8192,,0x233bf40,heap
2329,8192,,0x233ef50,heap
2330,8192,,0x2341f60,heap
2331,8192,,0x2344f70,heap
2332,8192,,0x2347f80,heap
2333,8192,,0x234af90,heap
2334,8192,,0x234dfa0,heap
2335,8192,,0x2350fb0,heap
2336,8192,,0x2353fc0,heap
2337,8192,,0x2356fd0,heap
2338,8192,,0x2359fe0,heap
2339,8192,,0x235cff0,heap
2340,8192,,0x2360000,heap
2341,8192,,0x2363010,heap
2342,8192,,0x2366020,heap
2343,8192,,0x2369030,heap
2344,8192,,0x236c040,heap
2345,8192,,0x236f050,heap
2346,8192,,0x2372060,heap
2347,8192,,0x2375070,heap
2348,8192,,0x2378080,heap
2349,8192,,0x237b090,heap
2350,8192,,0x237e0a0,heap
2351,8192,,0x23810b0,heap
2352,8192,,0x23840c0,heap
2353,8192,,0x23870d0,heap
2354,8192,,0x238a0e0,heap
2355,8192,,0x238d0f0,heap
2356,8192,,0x2390100,heap
2357,8192,,0x2393110,heap
2358,8192,,0x2396120,heap
2359,8192,,0x2399130,heap
2360,8192,,0x239c140,heap
2361,8192,,0x239f150,heap
2362,8192,,0x23a2160,heap
2363,8192,,0x23a5170,heap
2364,8192,,0x23a8180,heap
2365,8192,,0x23ab190,heap
2366,8192,,0x23ae1a0,heap
2367,8192,,0x23b11b0,heap
2368,8192,,0x23b41c0,heap
2369,8192,,0x23b71d0,heap
2370,8192,,0x23ba1e0,heap
2371,8192,,0x23bd1f0,heap
2372,8192,,0x23c0200,heap
2373,8192,,0x23c3210,heap
2374,8192,,0x23c6220,heap
2375,8192,,0x23c9230,heap
2376,8192,,0x23cc240,heap
2377,8192,,0x23cf250,heap
2378,8192,,0x23d2260,heap
2379,8192,,0x23d5270,heap
2380,8192,,0x23d8280,heap
2381,8192,,0x23db290,heap
2382,8192,,0x23de2a0,heap
2383,8192,,0x23e12b0,heap
2384,8192,,0x23e42c0,heap
2385,8192,,0x23e72d0,heap
2386,8192,,0x23ea2e0,heap
2387,8192,,0x23ed2f0,heap
2388,8192,,0x23f0300,heap
2389,8192,,0x23f3310,heap
2390,8192,,0x23f6320,heap
2391,8192,,0x23f9330,heap
2392,8192,,0x23fc340,heap
2393,8192,,0x23ff350,heap
2394,8192,,0x2402360,heap
2395,8192,,0x2405370,heap
2396,8192,,0x2408380,heap
2397,8192,,0x240b390,heap
2398,8192,,0x240e3a0,heap
2399,8192,,0x24113b0,heap
2400,8192,,0x24143c0,heap
2401,8192,,0x24173d0,heap
2402,8192,,0x241a3e0,heap
2403,8192,,0x241d3f0,heap
2404,8192,,0x2420400,heap
2405,8192,,0x2423410,heap
2406,8192,,0x2426420,heap
2407,8192,,0x2429430,heap
2408,8192,,0x242c440,heap
2409,8192,,0x242f450,heap
2410,8192,,0x2432460,heap
2411,8192,,0x2435470,heap
2412,8192,,0x2438480,heap
2413,8192,,0x243b490,heap
2414,8192,,0x243e4a0,heap
2415,8192,,0x24414b0,heap
2416,8192,,0x24444c0,heap
2417,8192,,0x24474d0,heap
2418,8192,,0x244a4e0,heap
2419,8192,,0x244d4f0,heap
2420,8192,,0x2450500,heap
2421,8192,,0x2453510,heap
2422,8192,,0x2456520,heap
2423,8192,,0x2459530,heap
2424,8192,,0x245c540,heap
2425,8192,,0x245f550,heap
2426,8192,,0x2462560,heap
2427,8192,,0x2465570,heap
2428,8192,,0x2468580,heap
2429,8192,,0x246b590,heap
2430,8192,,0x246e5a0,heap
2431,8192,,0x24715b0,heap
2432,8192,,0x24745c0,heap
2433,8192,,0x24775d0,heap
2434,8192,,0x247a5e0,heap
2435,8192,,0x247d5f0,heap
2436,8192,,0x2480600,heap
2437,8192,,0x2483610,heap
2438,8192,,0x2486620,heap
2439,8192,,0x2489630,heap
2440,8192,,0x248c640,heap
2441,8192,,0x248f650,heap
2442,8192,,0x2492660,heap
2443,8192,,0x2495670,heap
2444,8192,,0x2498680,heap
2445,8192,,0x249b690,heap
2446,8192,,0x249e6a0,heap
2447,8192,,0x24a16b0,heap
2448,8192,,0x24a46c0,heap
2449,8192,,0x24a76d0,heap
2450,8192,,0x24aa6e0,heap
2451,8192,,0x24ad6f0,heap
2452,8192,,0x24b0700,heap
2453,8192,,0x24b3710,heap
2454,8192,,0x24b6720,heap
2455,8192,,0x24b9730,heap
2456,8192,,0x24bc740,heap
2457,8192,,0x24bf750,heap
2458,8192,,0x24c2760,heap
2459,8192,,0x24c5770,heap
2460,8192,,0x24c8780,heap
2461,8192,,0x24cb790,heap
2462,8192,,0x24ce7a0,heap
2463,8192,,0x24d17b0,heap
2464,8192,,0x24d47c0,heap
2465,8192,,0x24d77d0,heap
2466,8192,,0x24da7e0,heap
2467,8192,,0x24dd7f0,heap
2468,8192,,0x24e0800,heap
2469,8192,,0x24e3810,heap
2470,8192,,0x24e6820,heap
2471,8192,,0x24e9830,heap
2472,8192,,0x24ec840,heap
2473,8192,,0x24ef850,heap
2474,8192,,0x24f2860,heap
2475,8192,,0x24f5870,heap
2476,8192,,0x24f8880,heap
2477,8192,,0x24fb890,heap
2478,8192,,0x24fe8a0,heap
2479,8192,,0x25018b0,heap
2480,8192,,0x25048c0,heap
2481,8192,,0x25078d0,heap
2482,8192,,0x250a8e0,heap
2483,8192,,0x250d8f0,heap
2484,8192,,0x2510900,heap
2485,8192,,0x2513910,heap
2486,8192,,0x2516920,heap
2487,8192,,0x2519930,heap
2488,8192,,0x251c940,heap
2489,8192,,0x251f950,heap
2490,8192,,0x2522960,heap
2491,8192,,0x2525970,heap
2492,8192,,0x2528980,heap
2493,8192,,0x252b990,heap
2494,8192,,0x252e9a0,heap
2495,8192,,0x25319b0,heap
2496,8192,,0x25349c0,heap
2497,8192,,0x25379d0,heap
2498,8192,,0x253a9e0,heap
2499,8192,,0x253d9f0,heap
2500,8192,,0x2540a00,heap
2501,8192,,0x2543a10,heap
2502,8192,,0x2546a20,heap
2503,8192,,0x2549a30,heap
2504,8192,,0x254ca40,heap
2505,8192,,0x254fa50,heap
2506,8192,,0x2552a60,heap
2507,8192,,0x2555a70,heap
2508,8192,,0x2558a80,heap
2509,8192,,0x255ba90,heap
2510,8192,,0x255eaa0,heap
2511,8192,,0x2561ab0,heap
2512,8192,,0x2564ac0,heap
2513,8192,,0x2567ad0,heap
2514,8192,,0x256aae0,heap
2515,8192,,0x256daf0,heap
2516,8192,,0x2570b00,heap
2517,8192,,0x2573b10,heap
2518,8192,,0x2576b20,heap
2519,8192,,0x2579b30,heap
2520,8192,,0x257cb40,heap
2521,8192,,0x257fb50,heap
2522,8192,,0x2582b60,heap
2523,8192,,0x2585b70,heap
2524,8192,,0x2588b80,heap
2525,8192,,0x258bb90,heap
2526,8192,,0x258eba0,heap
2527,8192,,0x2591bb0,heap
2528,8192,,0x2594bc0,heap
2529,8192,,0x2597bd0,heap
2530,8192,,0x259abe0,heap
2531,8192,,0x259dbf0,heap
2532,8192,,0x25a0c00,heap
2533,8192,,0x25a3c10,heap
2534,8192,,0x25a6c20,heap
2535,8192,,0x25a9c30,heap
2536,8192,,0x25acc40,heap
2537,8192,,0x25afc50,heap
2538,8192,,0x25b2c60,heap
2539,8192,,0x25b5c70,heap
2540,8192,,0x25b8c80,heap
2541,8192,,0x25bbc90,heap
2542,8192,,0x25beca0,heap
2543,8192,,0x25c1cb0,heap
2544,8192,,0x25c4cc0,heap
2545,8192,,0x25c7cd0,heap
2546,8192,,0x25cace0,heap
2547,8192,,0x25cdcf0,heap
2548,8192,,0x25d0d00,heap
2549,8192,,0x25d3d10,heap
2550,8192,,0x25d6d20,heap
2551,8192,,0x25d9d30,heap
2552,8192,,0x25dcd40,heap
2553,8192,,0x25dfd50,heap
2554,8192,,0x25e2d60,heap
2555,8192,,0x25e5d70,heap
2556,8192,,0x25e8d80,heap
2557,8192,,0x25ebd90,heap
2558,8192,,0x25eeda0,heap
2559,8192,,0x25f1db0,heap
2560,8192,,0x25f4dc0,heap
2561,8192,,0x25f7dd0,heap
2562,8192,,0x25fade0,heap
2563,8192,,0x25fddf0,heap
2564,8192,,0x2600e00,heap
2565,8192,,0x2603e10,heap
2566,8192,,0x2606e20,heap
2567,8192,,0x2609e30,heap
2568,8192,,0x260ce40,heap
2569,8192,,0x260fe50,heap
2570,8192,,0x2612e60,heap
2571,8192,,0x2615e70,heap
2572,8192,,0x2618e80,heap
2573,8192,,0x261be90,heap
2574,8192,,0x261eea0,heap
2575,8192,,0x2621eb0,heap
2576,8192,,0x2624ec0,heap
2577,8192,,0x2627ed0,heap
2578,8192,,0x262aee0,heap
2579,8192,,0x262def0,heap
2580,8192,,0x2630f00,heap
2581,8192,,0x2633f10,heap
2582,8192,,0x2636f20,heap
2583,8192,,0x2639f30,heap
2584,8192,,0x263cf40,heap
2585,8192,,0x263ff50,heap
2586,8192,,0x2642f60,heap
2587,8192,,0x2645f70,heap
2588,8192,,0x2648f80,heap
2589,8192,,0x264bf90,heap
2590,8192,,0x264efa0,heap
2591,8192,,0x2651fb0,heap
2592,8192,,0x2654fc0,heap
2593,8192,,0x2657fd0,heap
2594,8192,,0x265afe0,heap
2595,8192,,0x265dff0,heap
2596,8192,,0x2661000,heap
2597,8192,,0x2664010,heap
2598,8192,,0x2667020,heap
2599,8192,,0x266a030,heap
2600,8192,,0x266d040,heap
2601,8192,,0x2670050,heap
2602,8192,,0x2673060,heap
2603,8192,,0x2676070,heap
2604,8192,,0x2679080,heap
2605,8192,,0x267c090,heap
2606,8192,,0x267f0a0,heap
2607,8192,,0x26820b0,heap
2608,8192,,0x26850c0,heap
2609,8192,,0x26880d0,heap
2610,8192,,0x268b0e0,heap
2611,8192,,0x268e0f0,heap
2612,8192,,0x2691100,heap
2613,8192,,0x2694110,heap
2614,8192,,0x2697120,heap
2615,8192,,0x269a130,heap
2616,8192,,0x269d140,heap
2617,8192,,0x26a0150,heap
2618,8192,,0x26a3160,heap
2619,8192,,0x26a6170,heap
2620,8192,,0x26a9180,heap
2621,8192,,0x26ac190,heap
2622,8192,,0x26af1a0,heap
2623,8192,,0x26b21b0,heap
2624,8192,,0x26b51c0,heap
2625,8192,,0x26b81d0,heap
2626,8192,,0x26bb1e0,heap
2627,8192,,0x26be1f0,heap
2628,8192,,0x26c1200,heap
2629,8192,,0x26c4210,heap
2630,8192,,0x26c7220,heap
2631,8192,,0x26ca230,heap
2632,8192,,0x26cd240,heap
2633,8192,,0x26d0250,heap
2634,8192,,0x26d3260,heap
2635,8192,,0x26d6270,heap
2636,8192,,0x26d9280,heap
2637,8192,,0x26dc290,heap
2638,8192,,0x26df2a0,heap
2639,8192,,0x26e22b0,heap
2640,8192,,0x26e52c0,heap
2641,8192,,0x26e82d0,heap
2642,8192,,0x26eb2e0,heap
2643,8192,,0x26ee2f0,heap
2644,8192,,0x26f1300,heap
2645,8192,,0x26f4310,heap
2646,8192,,0x26f7320,heap
2647,8192,,0x26fa330,heap
2648,8192,,0x26fd340,heap
2649,8192,,0x2700350,heap
2650,8192,,0x2703360,heap
2651,8192,,0x2706370,heap
2652,8192,,0x2709380,heap
2653,8192,,0x270c390,heap
2654,8192,,0x270f3a0,heap
2655,8192,,0x27123b0,heap
2656,8192,,0x27153c0,heap
2657,8192,,0x27183d0,heap
2658,8192,,0x271b3e0,heap
2659,8192,,0x271e3f0,heap
2660,8192,,0x2721400,heap
2661,8192,,0x2724410,heap
2662,8192,,0x2727420,heap
2663,8192,,0x272a430,heap
2664,8192,,0x272d440,heap
2665,8192,,0x2730450,heap
2666,8192,,0x2733460,heap
2667,8192,,0x2736470,heap
2668,8192,,0x2739480,heap
2669,8192,,0x273c490,heap
2670,8192,,0x273f4a0,heap
2671,8192,,0x27424b0,heap
2672,8192,,0x27454c0,heap
2673,8192,,0x27484d0,heap
2674,8192,,0x274b4e0,heap
2675,8192,,0x274e4f0,heap
2676,8192,,0x2751500,heap
2677,8192,,0x2754510,heap
2678,8192,,0x2757520,heap
2679,8192,,0x275a530,heap
2680,8192,,0x275d540,heap
2681,8192,,0x2760550,heap
2682,8192,,0x2763560,heap
2683,8192,,0x2766570,heap
2684,8192,,0x2769580,heap
2685,8192,,0x276c590,heap
2686,8192,,0x276f5a0,heap
2687,8192,,0x27725b0,heap
2688,8192,,0x27755c0,heap
2689,8192,,0x27785d0,heap
2690,8192,,0x277b5e0,heap
2691,8192,,0x277e5f0,heap
2692,8192,,0x2781600,heap
2693,8192,,0x2784610,heap
2694,8192,,0x2787620,heap
2695,8192,,0x278a630,heap
2696,8192,,0x278d640,heap
2697,8192,,0x2790650,heap
2698,8192,,0x2793660,heap
2699,8192,,0x2796670,heap
2700,8192,,0x2799680,heap
2701,8192,,0x279c690,heap
2702,8192,,0x279f6a0,heap
2703,8192,,0x27a26b0,heap
2704,8192,,0x27a56c0,heap
2705,8192,,0x27a86d0,heap
2706,8192,,0x27ab6e0,heap
2707,8192,,0x27ae6f0,heap
2708,8192,,0x27b1700,heap
2709,8192,,0x27b4710,heap
2710,8192,,0x27b7720,heap
2711,8192,,0x27ba730,heap
2712,8192,,0x27bd740,heap
2713,8192,,0x27c0750,heap
2714,8192,,0x27c3760,heap
2715,8192,,0x27c6770,heap
2716,8192,,0x27c9780,heap
2717,8192,,0x27cc790,heap
2718,8192,,0x27cf7a0,heap
2719,8192,,0x27d27b0,heap
2720,8192,,0x27d57c0,heap
2721,8192,,0x27d87d0,heap
2722,8192,,0x27db7e0,heap
2723,8192,,0x27de7f0,heap
2724,8192,,0x27e1800,heap
2725,8192,,0x27e4810,heap
2726,8192,,0x27e7820,heap
2727,8192,,0x27ea830,heap
2728,8192,,0x27ed840,heap
2729,8192,,0x27f0850,heap
2730,8192,,0x27f3860,heap
2731,8192,,0x27f6870,heap
2732,8192,,0x27f9880,heap
2733,8192,,0x27fc890,heap
2734,8192,,0x27ff8a0,heap
2735,8192,,0x28028b0,heap
2736,8192,,0x28058c0,heap
2737,8192,,0x28088d0,heap
2738,8192,,0x280b8e0,heap
2739,8192,,0x280e8f0,heap
2740,8192,,0x2811900,heap
2741,8192,,0x2814910,heap
2742,8192,,0x2817920,heap
2743,8192,,0x281a930,heap
2744,8192,,0x281d940,heap
2745,8192,,0x2820950,heap
2746,8192,,0x2823960,heap
2747,8192,,0x2826970,heap
2748,8192,,0x2829980,heap
2749,8192,,0x282c990,heap
2750,8192,,0x282f9a0,heap
2751,8192,,0x28329b0,heap
2752,8192,,0x28359c0,heap
2753,8192,,0x28389d0,heap
2754,8192,,0x283b9e0,heap
2755,8192,,0x283e9f0,heap
2756,8192,,0x2841a00,heap
2757,8192,,0x2844a10,heap
2758,8192,,0x2847a20,heap
2759,8192,,0x284aa30,heap
2760,8192,,0x284da40,heap
2761,8192,,0x2850a50,heap
2762,8192,,0x2853a60,heap
2763,8192,,0x2856a70,heap
2764,8192,,0x2859a80,heap
2765,8192,,0x285ca90,heap
2766,8192,,0x285faa0,heap
2767,8192,,0x2862ab0,heap
2768,8192,,0x2865ac0,heap
2769,8192,,0x2868ad0,heap
2770,8192,,0x286bae0,heap
2771,8192,,0x286eaf0,heap
2772,8192,,0x2871b00,heap
2773,8192,,0x2874b10,heap
2774,8192,,0x2877b20,heap
2775,8192,,0x287ab30,heap
2776,8192,,0x287db40,heap
2777,8192,,0x2880b50,heap
2778,8192,,0x2883b60,heap
2779,8192,,0x2886b70,heap
2780,8192,,0x2889b80,heap
2781,8192,,0x288cb90,heap
2782,8192,,0x288fba0,heap
2783,8192,,0x2892bb0,heap
2784,8192,,0x2895bc0,heap
2785,8192,,0x2898bd0,heap
2786,8192,,0x289bbe0,heap
2787,8192,,0x289ebf0,heap
2788,8192,,0x28a1c00,heap
2789,8192,,0x28a4c10,heap
2790,8192,,0x28a7c20,heap
2791,8192,,0x28aac30,heap
2792,8192,,0x28adc40,heap
2793,8192,,0x28b0c50,heap
2794,8192,,0x28b3c60,heap
2795,8192,,0x28b6c70,heap
2796,8192,,0x28b9c80,heap
2797,8192,,0x28bcc90,heap
2798,8192,,0x28bfca0,heap
2799,8192,,0x28c2cb0,heap
2800,8192,,0x28c5cc0,heap
2801,8192,,0x28c8cd0,heap
2802,8192,,0x28cbce0,heap
2803,8192,,0x28cecf0,heap
2804,8192,,0x28d1d00,heap
2805,8192,,0x28d4d10,heap
2806,8192,,0x28d7d20,heap
2807,8192,,0x28dad30,heap
2808,8192,,0x28ddd40,heap
2809,8192,,0x28e0d50,heap
2810,8192,,0x28e3d60,heap
2811,8192,,0x28e6d70,heap
2812,8192,,0x28e9d80,heap
2813,8192,,0x28ecd90,heap
2814,8192,,0x28efda0,heap
2815,8192,,0x28f2db0,heap
2816,8192,,0x28f5dc0,heap
2817,8192,,0x28f8dd0,heap
2818,8192,,0x28fbde0,heap
2819,8192,,0x28fedf0,heap
2820,8192,,0x2901e00,heap
2821,8192,,0x2904e10,heap
2822,8192,,0x2907e20,heap
2823,8192,,0x290ae30,heap
2824,8192,,0x290de40,heap
2825,8192,,0x2910e50,heap
2826,8192,,0x2913e60,heap
2827,8192,,0x2916e70,heap
2828,8192,,0x2919e80,heap
2829,8192,,0x291ce90,heap
2830,8192,,0x291fea0,heap
2831,8192,,0x2922eb0,heap
2832,8192,,0x2925ec0,heap
2833,8192,,0x2928ed0,heap
2834,8192,,0x292bee0,heap
2835,8192,,0x292eef0,heap
2836,8192,,0x2931f00,heap
2837,8192,,0x2934f10,heap
2838,8192,,0x2937f20,heap
2839,8192,,0x293af30,heap
2840,8192,,0x293df40,heap
2841,8192,,0x2940f50,heap
2842,8192,,0x2943f60,heap
2843,8192,,0x2946f70,heap
2844,8192,,0x2949f80,heap
2845,8192,,0x294cf90,heap
2846,8192,,0x294ffa0,heap
2847,8192,,0x2952fb0,heap
2848,8192,,0x2955fc0,heap
2849,8192,,0x2958fd0,heap
2850,8192,,0x295bfe0,heap
2851,8192,,0x295eff0,heap
2852,8192,,0x2962000,heap
2853,8192,,0x2965010,heap
2854,8192,,0x2968020,heap
2855,8192,,0x296b030,heap
2856,8192,,0x296e040,heap
2857,8192,,0x2971050,heap
2858,8192,,0x2974060,heap
2859,8192,,0x2977070,heap
2860,8192,,0x297a080,heap
2861,8192,,0x297d090,heap
2862,8192,,0x29800a0,heap
2863,8192,,0x29830b0,heap
2864,8192,,0x29860c0,heap
2865,8192,,0x29890d0,heap
2866,8192,,0x298c0e0,heap
2867,8192,,0x298f0f0,heap
2868,8192,,0x2992100,heap
2869,8192,,0x2995110,heap
2870,8192,,0x2998120,heap
2871,8192,,0x299b130,heap
2872,8192,,0x299e140,heap
2873,8192,,0x29a1150,heap
2874,8192,,0x29a4160,heap
2875,8192,,0x29a7170,heap
2876,8192,,0x29aa180,heap
2877,8192,,0x29ad190,heap
2878,8192,,0x29b01a0,heap
2879,8192,,0x29b31b0,heap
2880,8192,,0x29b61c0,heap
2881,8192,,0x29b91d0,heap
2882,8192,,0x29bc1e0,heap
2883,8192,,0x29bf1f0,heap
2884,8192,,0x29c2200,heap
2885,8192,,0x29c5210,heap
2886,8192,,0x29c8220,heap
2887,8192,,0x29cb230,heap
2888,8192,,0x29ce240,heap
2889,8192,,0x29d1250,heap
2890,8192,,0x29d4260,heap
2891,8192,,0x29d7270,heap
2892,8192,,0x29da280,heap
2893,8192,,0x29dd290,heap
2894,8192,,0x29e02a0,heap
2895,8192,,0x29e32b0,heap
2896,8192,,0x29e62c0,heap
2897,8192,,0x29e92d0,heap
2898,8192,,0x29ec2e0,heap
2899,8192,,0x29ef2f0,heap
2900,8192,,0x29f2300,heap
2901,8192,,0x29f5310,heap
2902,8192,,0x29f8320,heap
2903,8192,,0x29fb330,heap
2904,8192,,0x29fe340,heap
2905,8192,,0x2a01350,heap
2906,8192,,0x2a04360,heap
2907,8192,,0x2a07370,heap
2908,8192,,0x2a0a380,heap
2909,8192,,0x2a0d390,heap
2910,8192,,0x2a103a0,heap
2911,8192,,0x2a133b0,heap
2912,8192,,0x2a163c0,heap
2913,8192,,0x2a193d0,heap
2914,8192,,0x2a1c3e0,heap
2915,8192,,0x2a1f3f0,heap
2916,8192,,0x2a22400,heap
2917,8192,,0x2a25410,heap
2918,8192,,0x2a28420,heap
2919,8192,,0x2a2b430,heap
2920,8192,,0x2a2e440,heap
2921,8192,,0x2a31450,heap
2922,8192,,0x2a34460,heap
2923,8192,,0x2a37470,heap
2924,8192,,0x2a3a480,heap
2925,8192,,0x2a3d490,heap
2926,8192,,0x2a404a0,heap
2927,8192,,0x2a434b0,heap
2928,8192,,0x2a464c0,heap
2929,8192,,0x2a494d0,heap
2930,8192,,0x2a4c4e0,heap
2931,8192,,0x2a4f4f0,heap
2932,8192,,0x2a52500,heap
2933,8192,,0x2a55510,heap
2934,8192,,0x2a58520,heap
2935,8192,,0x2a5b530,heap
2936,8192,,0x2a5e540,heap
2937,8192,,0x2a61550,heap
2938,8192,,0x2a64560,heap
2939,8192,,0x2a67570,heap
2940,8192,,0x2a6a580,heap
2941,8192,,0x2a6d590,heap
2942,8192,,0x2a705a0,heap
2943,8192,,0x2a735b0,heap
2944,8192,,0x2a765c0,heap
2945,8192,,0x2a795d0,heap
2946,8192,,0x2a7c5e0,heap
2947,8192,,0x2a7f5f0,heap
2948,8192,,0x2a82600,heap
2949,8192,,0x2a85610,heap
2950,8192,,0x2a88620,heap
2951,8192,,0x2a8b630,heap
2952,8192,,0x2a8e640,heap
2953,8192,,0x2a91650,heap
2954,8192,,0x2a94660,heap
2955,8192,,0x2a97670,heap
2956,8192,,0x2a9a680,heap
2957,8192,,0x2a9d690,heap
2958,8192,,0x2aa06a0,heap
2959,8192,,0x2aa36b0,heap
2960,8192,,0x2aa66c0,heap
2961,8192,,0x2aa96d0,heap
2962,8192,,0x2aac6e0,heap
2963,8192,,0x2aaf6f0,heap
2964,8192,,0x2ab2700,heap
2965,8192,,0x2ab5710,heap
2966,8192,,0x2ab8720,heap
2967,8192,,0x2abb730,heap
2968,8192,,0x2abe740,heap
2969,8192,,0x2ac1750,heap
2970,8192,,0x2ac4760,heap
2971,8192,,0x2ac7770,heap
2972,8192,,0x2aca780,heap
2973,8192,,0x2acd790,heap
2974,8192,,0x2ad07a0,heap
2975,8192,,0x2ad37b0,heap
2976,8192,,0x2ad67c0,heap
2977,8192,,0x2ad97d0,heap
2978,8192,,0x2adc7e0,heap
2979,8192,,0x2adf7f0,heap
2980,8192,,0x2ae2800,heap
2981,8192,,0x2ae5810,heap
2982,8192,,0x2ae8820,heap
2983,8192,,0x2aeb830,heap
2984,8192,,0x2aee840,heap
2985,8192,,0x2af1850,heap
2986,8192,,0x2af4860,heap
2987,8192,,0x2af7870,heap
2988,8192,,0x2afa880,heap
2989,8192,,0x2afd890,heap
2990,8192,,0x2b008a0,heap
2991,8192,,0x2b038b0,heap
2992,8192,,0x2b068c0,heap
2993,8192,,0x2b098d0,heap
2994,8192,,0x2b0c8e0,heap
2995,8192,,0x2b0f8f0,heap
2996,8192,,0x2b12900,heap
2997,8192,,0x2b15910,heap
2998,8192,,0x2b18920,heap
2999,8192,,0x2b1b930,heap
3000,8192,,0x2b1e940,heap
3001,8192,,0x2b21950,heap
3002,8192,,0x2b24960,heap
3003,8192,,0x2b27970,heap
3004,8192,,0x2b2a980,heap
3005,8192,,0x2b2d990,heap
3006,8192,,0x2b309a0,heap
3007,8192,,0x2b339b0,heap
3008,8192,,0x2b369c0,heap
3009,8192,,0x2b399d0,heap
3010,8192,,0x2b3c9e0,heap
3011,8192,,0x2b3f9f0,heap
3012,8192,,0x2b42a00,heap
3013,8192,,0x2b45a10,heap
3014,8192,,0x2b48a20,heap
3015,8192,,0x2b4ba30,heap
3016,8192,,0x2b4ea40,heap
3017,8192,,0x2b51a50,heap
3018,8192,,0x2b54a60,heap
3019,8192,,0x2b57a70,heap
3020,8192,,0x2b5aa80,heap
3021,8192,,0x2b5da90,heap
3022,8192,,0x2b60aa0,heap
3023,8192,,0x2b63ab0,heap
3024,8192,,0x2b66ac0,heap
3025,8192,,0x2b69ad0,heap
3026,8192,,0x2b6cae0,heap
3027,8192,,0x2b6faf0,heap
3028,8192,,0x2b72b00,heap
3029,8192,,0x2b75b10,heap
3030,8192,,0x2b78b20,heap
3031,8192,,0x2b7bb30,heap
3032,8192,,0x2b7eb40,heap
3033,8192,,0x2b81b50,heap
3034,8192,,0x2b84b60,heap
3035,8192,,0x2b87b70,heap
3036,8192,,0x2b8ab80,heap
3037,8192,,0x2b8db90,heap
3038,8192,,0x2b90ba0,heap
3039,8192,,0x2b93bb0,heap
3040,8192,,0x2b96bc0,heap
3041,8192,,0x2b99bd0,heap
3042,8192,,0x2b9cbe0,heap
3043,8192,,0x2b9fbf0,heap
3044,8192,,0x2ba2c00,heap
3045,8192,,0x2ba5c10,heap
3046,8192,,0x2ba8c20,heap
3047,8192,,0x2babc30,heap
3048,8192,,0x2baec40,heap
3049,8192,,0x2bb1c50,heap
3050,8192,,0x2bb4c60,heap
3051,8192,,0x2bb7c70,heap
3052,8192,,0x2bbac80,heap
3053,8192,,0x2bbdc90,heap
3054,8192,,0x2bc0ca0,heap
3055,8192,,0x2bc3cb0,heap
3056,8192,,0x2bc6cc0,heap
3057,8192,,0x2bc9cd0,heap
3058,8192,,0x2bccce0,heap
3059,8192,,0x2bcfcf0,heap
3060,8192,,0x2bd2d00,heap
3061,8192,,0x2bd5d10,heap
3062,8192,,0x2bd8d20,heap
3063,8192,,0x2bdbd30,heap
3064,8192,,0x2bded40,heap
3065,8192,,0x2be1d50,heap
3066,8192,,0x2be4d60,heap
3067,8192,,0x2be7d70,heap
3068,8192,,0x2bead80,heap
3069,8192,,0x2bedd90,heap
3070,8192,,0x2bf0da0,heap
3071,8192,,0x2bf3db0,heap
3072,8192,,0x2bf6dc0,heap
3073,8192,,0x2bf9dd0,heap
3074,8192,,0x2bfcde0,heap
3075,8192,,0x2bffdf0,heap
3076,8192,,0x2c02e00,heap
3077,8192,,0x2c05e10,heap
3078,8192,,0x2c08e20,heap
3079,8192,,0x2c0be30,heap
3080,8192,,0x2c0ee40,heap
3081,8192,,0x2c11e50,heap
3082,8192,,0x2c14e60,heap
3083,8192,,0x2c17e70,heap
3084,8192,,0x2c1ae80,heap
3085,8192,,0x2c1de90,heap
3086,8192,,0x2c20ea0,heap
3087,8192,,0x2c23eb0,heap
3088,8192,,0x2c26ec0,heap
3089,8192,,0x2c29ed0,heap
3090,8192,,0x2c2cee0,heap
3091,8192,,0x2c2fef0,heap
3092,8192,,0x2c32f00,heap
3093,8192,,0x2c35f10,heap
3094,8192,,0x2c38f20,heap
3095,8192,,0x2c3bf30,heap
3096,8192,,0x2c3ef40,heap
3097,8192,,0x2c41f50,heap
3098,8192,,0x2c44f60,heap
3099,8192,,0x2c47f70,heap
3100,8192,,0x2c4af80,heap
3101,8192,,0x2c4df90,heap
3102,8192,,0x2c50fa0,heap
3103,8192,,0x2c53fb0,heap
3104,8192,,0x2c56fc0,heap
3105,8192,,0x2c59fd0,heap
3106,8192,,0x2c5cfe0,heap
3107,8192,,0x2c5fff0,heap
3108,8192,,0x2c63000,heap
3109,8192,,0x2c66010,heap
3110,8192,,0x2c69020,heap
3111,8192,,0x2c6c030,heap
